raw_data,overs,runs,team_runs,commentary,bowler,batsman,batsman_runs,batsman_fours,batsman_sixes,batsman_bowls_faced,bowler_bowls_done,bowler_runs_given,bowler_wickets,dismissal,runs_given_bool
"0.1 
• 
Bukhari to Tamim, no run 
goodish length on middle, gets across and turns it to midwicket off the front foot",0.1,0,0.0,"Bukhari to Tamim, no run  .goodish length on middle, gets across and turns it to midwicket off the front foot",Bukhari,Tamim,0.0,0,0,1,1,0.0,0,,0
"0.2 
• 
Bukhari to Tamim, no run",0.2,0,0.0,"Bukhari to Tamim, no run",Bukhari,Tamim,0.0,0,0,1,1,0.0,0,,0
"0.3 
• 
Bukhari to Tamim, no run 
beaten, came back in, good length and he is induced into driving at the ball but it just 
nipped back in to get to the keeper through the gap",0.3,0,0.0,"Bukhari to Tamim, no run  .beaten, came back in, good length and he is induced into driving at the ball but it just  .nipped back in to get to the keeper through the gap",Bukhari,Tamim,0.0,0,0,1,1,0.0,0,,0
"0.4 
W 
Bukhari to Tamim, OUT 
Bukhari's struck in the first over, around a good length on the off, appeared to nip back 
in, Tamim was pushing through the line, got an inside edge onto the thighs and then 
onto the off stump. There's no controlling Bukhari, he's pumped 
Tamim Iqbal b Mudassar Bukhari 0 (4b 0x4 0x6 1m) SR: 0 
Junaid Siddique comes in",0.4,W,0.0,"Bukhari to Tamim, OUT  .Bukhari's struck in the first over, around a good length on the off, appeared to nip back  .in, Tamim was pushing through the line, got an inside edge onto the thighs and then  .onto the off stump. There's no controlling Bukhari, he's pumped  .Tamim Iqbal b Mudassar Bukhari 0 (4b 0x4 0x6 1m) SR: 0",Bukhari,Tamim,0.0,0,0,1,1,0.0,1,b Mudassar Bukhari,0
"0.5 
• 
Bukhari to Siddique, no run 
good length on the off, gets forward to the pitch and defends it solidly",0.5,0,0.0,"Bukhari to Siddique, no run  .good length on the off, gets forward to the pitch and defends it solidly",Bukhari,Siddique,0.0,0,0,1,1,0.0,0,,0
"0.6 
• 
Bukhari to Siddique, no run 
short of a good length on middle, gets on the back foot and punches it back to the 
bowler, Bukhari exchanges stares with Junaid 
end of over 1Wicket maiden 
BAN: 0/1CRR: 0.00 • RRR: 3.28 
Zunaed Siddique0 (2b) 
Imrul Kayes0 (0b) 
Mudassar Bukhari 1-1-0-1 
Netherlands opt for spin. Adeel Raja, the offspinner, to bowl now. A slip and a midwicket 
are catchers",0.6,0,0.0,"Bukhari to Siddique, no run  .short of a good length on middle, gets on the back foot and punches it back to the  .bowler, Bukhari exchanges stares with Junaid",Bukhari,Siddique,0.0,0,0,1,1,0.0,0,,0
"1.1 
• 
Adeel Raja to Imrul, no run 
lets out a grunt as he delivers that from round the wicket, on middle and off, tapped into 
the off side",1.1,0,0.0,"Adeel Raja to Imrul, no run  .lets out a grunt as he delivers that from round the wicket, on middle and off, tapped into  .the off side",Adeel Raja,Imrul,0.0,0,0,1,1,0.0,0,,0
"1.2 
• 
Adeel Raja to Imrul, no run 
shortish on the off, much slower through the air, moves back and defends it into the off 
side",1.2,0,0.0,"Adeel Raja to Imrul, no run  .shortish on the off, much slower through the air, moves back and defends it into the off  .side",Adeel Raja,Imrul,0.0,0,0,1,1,0.0,0,,0
"1.3 
• 
Adeel Raja to Imrul, no run 
short of a good length on the off, another big grunt, punched back to the bowler, no turn, 
just alterations in length and pace",1.3,0,0.0,"Adeel Raja to Imrul, no run  .short of a good length on the off, another big grunt, punched back to the bowler, no turn,  .just alterations in length and pace",Adeel Raja,Imrul,0.0,0,0,1,1,0.0,0,,0
"1.4 
• 
Adeel Raja to Imrul, no run 
slowed it up this time, looped it up on middle and off, gets a stride out and defends",1.4,0,0.0,"Adeel Raja to Imrul, no run  .slowed it up this time, looped it up on middle and off, gets a stride out and defends",Adeel Raja,Imrul,0.0,0,0,1,1,0.0,0,,0
"1.5 
• 
Adeel Raja to Imrul, no run 
angling in towards middle and leg, swept towards short fine leg",1.5,0,0.0,"Adeel Raja to Imrul, no run  .angling in towards middle and leg, swept towards short fine leg",Adeel Raja,Imrul,0.0,0,0,1,1,0.0,0,,0
"1.6 
3 
Adeel Raja to Imrul, 3 runs 
first runs, pitched up on middle and leg, driven firmly through midwicket and mid-on for 
three runs, big cheers from the crowd 
end of over 23 runs  
BAN: 3/1CRR: 1.50 • RRR: 3.29 
Imrul Kayes3 (6b) 
Zunaed Siddique0 (2b) 
Adeel Raja 1-0-3-0 
Mudassar Bukhari 1-1-0-1 
Mark Kidger: ""The one remote chance for The Netherlands is that a couple of early 
wickets trigger a panic in Bangladesh at the enormity of what is about to happen. It 
looks though like Bangladesh are about to make the battle for places in the Quarter 
Finals even tighter.""",1.6,3,3.0,"Adeel Raja to Imrul, 3 runs  .first runs, pitched up on middle and leg, driven firmly through midwicket and mid-on for  .three runs, big cheers from the crowd",Adeel Raja,Imrul,3.0,0,0,1,1,3.0,0,,1
"2.1 
• 
Bukhari to Imrul, no run 
short of a good length outside off, holds its line, lets it through",2.1,0,0.0,"Bukhari to Imrul, no run  .short of a good length outside off, holds its line, lets it through",Bukhari,Imrul,0.0,0,0,1,1,0.0,0,,0
"2.2 
• 
Bukhari to Imrul, no run 
pushed it a little fuller, not quite the right length to cut, tries to slash it through point but 
it doesn't rise as much as he expected",2.2,0,0.0,"Bukhari to Imrul, no run  .pushed it a little fuller, not quite the right length to cut, tries to slash it through point but  .it doesn't rise as much as he expected",Bukhari,Imrul,0.0,0,0,1,1,0.0,0,,0
"2.3 
• 
Bukhari to Imrul, no run 
in the channel outside off, a probing line, lets it through to the keeper",2.3,0,0.0,"Bukhari to Imrul, no run  .in the channel outside off, a probing line, lets it through to the keeper",Bukhari,Imrul,0.0,0,0,1,1,0.0,0,,0
"2.4 
• 
Bukhari to Imrul, no run 
short and wide and he goes after it again but fails to make contact, reached for it but 
couldn't connect",2.4,0,0.0,"Bukhari to Imrul, no run  .short and wide and he goes after it again but fails to make contact, reached for it but  .couldn't connect",Bukhari,Imrul,0.0,0,0,1,1,0.0,0,,0
"2.5 
• 
Bukhari to Imrul, no run 
in the corridor on a good length, a hint of movement in towards the batsman but wide 
enough to leave it be",2.5,0,0.0,"Bukhari to Imrul, no run  .in the corridor on a good length, a hint of movement in towards the batsman but wide  .enough to leave it be",Bukhari,Imrul,0.0,0,0,1,1,0.0,0,,0
"2.6 
• 
Bukhari to Imrul, no run 
slightly short outside off, leaves it alone to the keeper, moving away but only slightly, 
two maidens for Bukhari 
end of over 3Maiden 
BAN: 3/1CRR: 1.00 • RRR: 3.36 
Imrul Kayes3 (12b) 
Zunaed Siddique0 (2b) 
Mudassar Bukhari 2-2-0-1 
Adeel Raja 1-0-3-0",2.6,0,0.0,"Bukhari to Imrul, no run  .slightly short outside off, leaves it alone to the keeper, moving away but only slightly,  .two maidens for Bukhari",Bukhari,Imrul,0.0,0,0,1,1,0.0,0,,0
"3.1 
• 
Adeel Raja to Siddique, no run 
flighted on middle, gets a stride out and plays it back to the bowler",3.1,0,0.0,"Adeel Raja to Siddique, no run  .flighted on middle, gets a stride out and plays it back to the bowler",Adeel Raja,Siddique,0.0,0,0,1,1,0.0,0,,0
"3.2 
• 
Adeel Raja to Siddique, no run 
gets across to a delivery angling towards leg stump, tries to tickle it fine, is struck on the 
pads, a stifled appeal from the bowler",3.2,0,0.0,"Adeel Raja to Siddique, no run  .gets across to a delivery angling towards leg stump, tries to tickle it fine, is struck on the  .pads, a stifled appeal from the bowler",Adeel Raja,Siddique,0.0,0,0,1,1,0.0,0,,0
"3.3 
• 
Adeel Raja to Siddique, no run 
floating it full on the off, drawing the batsman forward, driven down to mid-off",3.3,0,0.0,"Adeel Raja to Siddique, no run  .floating it full on the off, drawing the batsman forward, driven down to mid-off",Adeel Raja,Siddique,0.0,0,0,1,1,0.0,0,,0
"3.4 
• 
Adeel Raja to Siddique, no run 
tossed up on the off, gets forward and pushes it gently to extra cover",3.4,0,0.0,"Adeel Raja to Siddique, no run  .tossed up on the off, gets forward and pushes it gently to extra cover",Adeel Raja,Siddique,0.0,0,0,1,1,0.0,0,,0
"3.5 
1 
Adeel Raja to Siddique, 1 run 
fires it slightly quicker on middle, flicked away off the front foot past midwicket for a 
single to get off the mark",3.5,1,1.0,"Adeel Raja to Siddique, 1 run  .fires it slightly quicker on middle, flicked away off the front foot past midwicket for a  .single to get off the mark",Adeel Raja,Siddique,1.0,0,0,1,1,1.0,0,,1
"3.6 
• 
Adeel Raja to Imrul, no run 
bowls it on a good length just outside off, gets forward and taps it in the direction of 
cover 
end of over 41 run  
BAN: 4/1CRR: 1.00 • RRR: 3.41 
Imrul Kayes3 (13b) 
Zunaed Siddique1 (7b) 
Adeel Raja 2-0-4-0 
Mudassar Bukhari 2-2-0-1 
Shaun: ""The English team would be watching this match with trepidation. Their future is 
almost out of their own hands & relies on the pluck of the Dutch."" Not really. They need 
to beat West Indies.",3.6,0,0.0,"Adeel Raja to Imrul, no run  .bowls it on a good length just outside off, gets forward and taps it in the direction of  .cover",Adeel Raja,Imrul,0.0,0,0,1,1,0.0,0,,0
"4.1 
• 
Bukhari to Siddique, no run 
inside edge, almost dragged it on, short of a good length outside off, tried to punch it 
through extra cover, the shot was on but the bat face turned at the last moment",4.1,0,0.0,"Bukhari to Siddique, no run  .inside edge, almost dragged it on, short of a good length outside off, tried to punch it  .through extra cover, the shot was on but the bat face turned at the last moment",Bukhari,Siddique,0.0,0,0,1,1,0.0,0,,0
"4.2 
4 
Bukhari to Siddique, FOUR runs 
short and he's seized the length early, banged in on middle, rocks forward and then back 
and pulls it stylishly over square leg for a welcome boundary",4.2,4,4.0,"Bukhari to Siddique, FOUR runs  .short and he's seized the length early, banged in on middle, rocks forward and then back  .and pulls it stylishly over square leg for a welcome boundary",Bukhari,Siddique,4.0,1,0,1,1,4.0,0,,1
"4.3 
• 
Bukhari to Siddique, no run 
shortish on the off, gets on the back foot and punches it towards extra cover",4.3,0,0.0,"Bukhari to Siddique, no run  .shortish on the off, gets on the back foot and punches it towards extra cover",Bukhari,Siddique,0.0,0,0,1,1,0.0,0,,0
"4.4 
• 
Bukhari to Siddique, no run 
draws him forward with a ball on the good length, Junaid gets a big stride out and 
pushes it through to mid-off",4.4,0,0.0,"Bukhari to Siddique, no run  .draws him forward with a ball on the good length, Junaid gets a big stride out and  .pushes it through to mid-off",Bukhari,Siddique,0.0,0,0,1,1,0.0,0,,0
"4.5 
• 
Bukhari to Siddique, no run 
short of a good length, gets forward and knocks it towards extra cover",4.5,0,0.0,"Bukhari to Siddique, no run  .short of a good length, gets forward and knocks it towards extra cover",Bukhari,Siddique,0.0,0,0,1,1,0.0,0,,0
"4.6 
• 
Bukhari to Siddique, no run 
crunched off the front foot on the up but back to the bowler, slow start to the chase by 
the hosts but it's not an easy pitch 
end of over 54 runs  
BAN: 8/1CRR: 1.60 • RRR: 3.40 
Zunaed Siddique5 (13b 1x4) 
Imrul Kayes3 (13b) 
Mudassar Bukhari 3-2-4-1 
Adeel Raja 2-0-4-0",4.6,0,0.0,"Bukhari to Siddique, no run  .crunched off the front foot on the up but back to the bowler, slow start to the chase by  .the hosts but it's not an easy pitch",Bukhari,Siddique,0.0,0,0,1,1,0.0,0,,0
"5.1 
4 
Adeel Raja to Imrul, FOUR runs 
slapped, short and wide, waited for it to turn away and thwacked it between extra cover 
and mid-off for four",5.1,4,4.0,"Adeel Raja to Imrul, FOUR runs  .slapped, short and wide, waited for it to turn away and thwacked it between extra cover  .and mid-off for four",Adeel Raja,Imrul,4.0,1,0,1,1,4.0,0,,1
"5.2 
• 
Adeel Raja to Imrul, no run 
good bounce, goodish length on middle, gets back to turn it square, struck high on the 
pads",5.2,0,0.0,"Adeel Raja to Imrul, no run  .good bounce, goodish length on middle, gets back to turn it square, struck high on the  .pads",Adeel Raja,Imrul,0.0,0,0,1,1,0.0,0,,0
"5.3 
• 
Adeel Raja to Imrul, no run 
loopy full toss on the off stump, driven gently to mid-off, will feel he missed out there",5.3,0,0.0,"Adeel Raja to Imrul, no run  .loopy full toss on the off stump, driven gently to mid-off, will feel he missed out there",Adeel Raja,Imrul,0.0,0,0,1,1,0.0,0,,0
"5.4 
1 
Adeel Raja to Imrul, 1 run 
ooh, stifled appeal for lbw though there as an inside edge, floating it on middle, tried to 
sweep it fine, got a feather and towards short fine for a single",5.4,1,1.0,"Adeel Raja to Imrul, 1 run  .ooh, stifled appeal for lbw though there as an inside edge, floating it on middle, tried to  .sweep it fine, got a feather and towards short fine for a single",Adeel Raja,Imrul,1.0,0,0,1,1,1.0,0,,1
"5.5 
• 
Adeel Raja to Siddique, no run 
keeping it flat this time, on middle, goes on straight, meets it with the full face with a big 
stride",5.5,0,0.0,"Adeel Raja to Siddique, no run  .keeping it flat this time, on middle, goes on straight, meets it with the full face with a big  .stride",Adeel Raja,Siddique,0.0,0,0,1,1,0.0,0,,0
"5.6 
1 
Adeel Raja to Siddique, 1 run 
a single wide of short fine, tries to push through the line, gets a thick inside edge behind 
square 
end of over 66 runs  
BAN: 14/1CRR: 2.33 • RRR: 3.34 
Zunaed Siddique6 (15b 1x4) 
Imrul Kayes8 (17b 1x4) 
Adeel Raja 3-0-10-0 
Mudassar Bukhari 3-2-4-1 
Mike: ""The Netherlands can make life really difficult for Bangladesh here, this match is 
far from the foregone conclusion many think it is""",5.6,1,1.0,"Adeel Raja to Siddique, 1 run  .a single wide of short fine, tries to push through the line, gets a thick inside edge behind  .square",Adeel Raja,Siddique,1.0,0,0,1,1,1.0,0,,1
"6.1 
• 
Bukhari to Siddique, no run 
pitched up on the off and he sensed a chance, went at it a little hard and wasn't able to 
time it well, rolled down to mid-off",6.1,0,0.0,"Bukhari to Siddique, no run  .pitched up on the off and he sensed a chance, went at it a little hard and wasn't able to  .time it well, rolled down to mid-off",Bukhari,Siddique,0.0,0,0,1,1,0.0,0,,0
"6.2 
• 
Bukhari to Siddique, no run 
short of a length outside off, cracked hard but straight to cover",6.2,0,0.0,"Bukhari to Siddique, no run  .short of a length outside off, cracked hard but straight to cover",Bukhari,Siddique,0.0,0,0,1,1,0.0,0,,0
"6.3 
• 
Bukhari to Siddique, no run 
tries to clear him over square leg, got across to flick it, was in the slot but missed out. 
Pitched outside leg and moved in a hint",6.3,0,0.0,"Bukhari to Siddique, no run  .tries to clear him over square leg, got across to flick it, was in the slot but missed out.  .Pitched outside leg and moved in a hint",Bukhari,Siddique,0.0,0,0,1,1,0.0,0,,0
"6.4 
• 
Bukhari to Siddique, no run 
short of a good length on middle, gets on the back foot and plays it to cover",6.4,0,0.0,"Bukhari to Siddique, no run  .short of a good length on middle, gets on the back foot and plays it to cover",Bukhari,Siddique,0.0,0,0,1,1,0.0,0,,0
"6.5 
• 
Bukhari to Siddique, no run 
short of a good length, driven on the up towards extra cover",6.5,0,0.0,"Bukhari to Siddique, no run  .short of a good length, driven on the up towards extra cover",Bukhari,Siddique,0.0,0,0,1,1,0.0,0,,0
"6.6 
4 
Bukhari to Siddique, FOUR runs 
goes over, a hint of desperation in that one but it pays off, slightly short on the off and 
he swings it over midwicket, not timed too well but has enough legs on it to beat the 
fielder in the deep running across 
end of over 74 runs  
BAN: 18/1CRR: 2.57 • RRR: 3.32 
Zunaed Siddique10 (21b 2x4) 
Imrul Kayes8 (17b 1x4) 
Mudassar Bukhari 4-2-8-1 
Adeel Raja 3-0-10-0",6.6,4,4.0,"Bukhari to Siddique, FOUR runs  .goes over, a hint of desperation in that one but it pays off, slightly short on the off and  .he swings it over midwicket, not timed too well but has enough legs on it to beat the  .fielder in the deep running across",Bukhari,Siddique,4.0,1,0,1,1,4.0,0,,1
"7.1 
1 
Adeel Raja to Imrul, 1 run 
loopy full toss outside leg stump, sweeps it towards short fine",7.1,1,1.0,"Adeel Raja to Imrul, 1 run  .loopy full toss outside leg stump, sweeps it towards short fine",Adeel Raja,Imrul,1.0,0,0,1,1,1.0,0,,1
"7.2 
• 
Adeel Raja to Siddique, no run 
on middle and off, gets a stride out and defends it into the off side",7.2,0,0.0,"Adeel Raja to Siddique, no run  .on middle and off, gets a stride out and defends it into the off side",Adeel Raja,Siddique,0.0,0,0,1,1,0.0,0,,0
"7.3 
• 
Adeel Raja to Siddique, no run 
gets forward and defends that straight delivery with bat close to pad on the leg side",7.3,0,0.0,"Adeel Raja to Siddique, no run  .gets forward and defends that straight delivery with bat close to pad on the leg side",Adeel Raja,Siddique,0.0,0,0,1,1,0.0,0,,0
"7.4 
4 
Adeel Raja to Siddique, FOUR runs 
flighted on middle, he's eyed his spot, dragged it through square leg, there is a fielder 
there position in the deep but it's struck sweetly to beat him to the ropes",7.4,4,4.0,"Adeel Raja to Siddique, FOUR runs  .flighted on middle, he's eyed his spot, dragged it through square leg, there is a fielder  .there position in the deep but it's struck sweetly to beat him to the ropes",Adeel Raja,Siddique,4.0,1,0,1,1,4.0,0,,1
"7.5 
• 
Adeel Raja to Siddique, no run 
angling it on leg stump, tickles it towards short fine",7.5,0,0.0,"Adeel Raja to Siddique, no run  .angling it on leg stump, tickles it towards short fine",Adeel Raja,Siddique,0.0,0,0,1,1,0.0,0,,0
"7.6 
• 
Adeel Raja to Siddique, no run 
flighted on the off, gets to the pitch and drives it to mid-off 
end of over 85 runs  
BAN: 23/1CRR: 2.87 • RRR: 3.28 
Zunaed Siddique14 (26b 3x4) 
Imrul Kayes9 (18b 1x4) 
Adeel Raja 4-0-15-0 
Mudassar Bukhari 4-2-8-1 
ten Doeschate in the attack now.",7.6,0,0.0,"Adeel Raja to Siddique, no run  .flighted on the off, gets to the pitch and drives it to mid-off",Adeel Raja,Siddique,0.0,0,0,1,1,0.0,0,,0
"8.1 
• 
Ryan ten Doeschate to Imrul, no run 
starts with a steady line in the channel outside off, shoulders arms to that one",8.1,0,0.0,"Ryan ten Doeschate to Imrul, no run  .starts with a steady line in the channel outside off, shoulders arms to that one",Ryan ten Doeschate,Imrul,0.0,0,0,1,1,0.0,0,,0
"8.2 
• 
Ryan ten Doeschate to Imrul, no run 
appeared to pitch outside leg and moved in towards middle, got back to play it square, 
missed and was struck on the pads but it landed outside leg, appeal turned down",8.2,0,0.0,"Ryan ten Doeschate to Imrul, no run  .appeared to pitch outside leg and moved in towards middle, got back to play it square,  .missed and was struck on the pads but it landed outside leg, appeal turned down",Ryan ten Doeschate,Imrul,0.0,0,0,1,1,0.0,0,,0
"8.3 
• 
Ryan ten Doeschate to Imrul, no run 
slightly short on middle, gets on the back foot and works it to square leg",8.3,0,0.0,"Ryan ten Doeschate to Imrul, no run  .slightly short on middle, gets on the back foot and works it to square leg",Ryan ten Doeschate,Imrul,0.0,0,0,1,1,0.0,0,,0
"8.4 
• 
Ryan ten Doeschate to Imrul, no run 
good length just around off stump, is behind it nicely and defends it solidly into the off 
side",8.4,0,0.0,"Ryan ten Doeschate to Imrul, no run  .good length just around off stump, is behind it nicely and defends it solidly into the off  .side",Ryan ten Doeschate,Imrul,0.0,0,0,1,1,0.0,0,,0
"8.5 
• 
Ryan ten Doeschate to Imrul, no run 
lands on a length outside off, driven on the bounce to the extra cover lurking on the off 
side",8.5,0,0.0,"Ryan ten Doeschate to Imrul, no run  .lands on a length outside off, driven on the bounce to the extra cover lurking on the off  .side",Ryan ten Doeschate,Imrul,0.0,0,0,1,1,0.0,0,,0
"8.6 
• 
Ryan ten Doeschate to Imrul, no run 
aiming for the blockhole outside off, digs it out towards cover 
end of over 9Maiden 
BAN: 23/1CRR: 2.55 • RRR: 3.36 
Imrul Kayes9 (24b 1x4) 
Zunaed Siddique14 (26b 3x4) 
Ryan ten Doeschate 1-1-0-0 
Adeel Raja 4-0-15-0",8.6,0,0.0,"Ryan ten Doeschate to Imrul, no run  .aiming for the blockhole outside off, digs it out towards cover",Ryan ten Doeschate,Imrul,0.0,0,0,1,1,0.0,0,,0
"9.1 
1 
Adeel Raja to Siddique, 1 run 
ooh, there is a silly mid-off in place but that just evaded him, shortish on the off, the ball 
stopped on him a hint, he went through his punch through the line and just managed to 
get it over the silly mid-off fielder, just evaded him",9.1,1,1.0,"Adeel Raja to Siddique, 1 run  .ooh, there is a silly mid-off in place but that just evaded him, shortish on the off, the ball  .stopped on him a hint, he went through his punch through the line and just managed to  .get it over the silly mid-off fielder, just evaded him",Adeel Raja,Siddique,1.0,0,0,1,1,1.0,0,,1
"9.2 
3 
Adeel Raja to Imrul, 3 runs 
follows that up with a short ball, pulls it hard wide of square leg, there is a deep square 
leg in place, Seelaar moved across, slid and appeared to fumble it the first time but 
kicked it into the field just as it seemed it would get away",9.2,3,3.0,"Adeel Raja to Imrul, 3 runs  .follows that up with a short ball, pulls it hard wide of square leg, there is a deep square  .leg in place, Seelaar moved across, slid and appeared to fumble it the first time but  .kicked it into the field just as it seemed it would get away",Adeel Raja,Imrul,3.0,0,0,1,1,3.0,0,,1
"9.3 
1 
Adeel Raja to Siddique, 1 run 
pushed into the off side off the back foot",9.3,1,1.0,"Adeel Raja to Siddique, 1 run  .pushed into the off side off the back foot",Adeel Raja,Siddique,1.0,0,0,1,1,1.0,0,,1
"9.4 
• 
Adeel Raja to Imrul, no run 
tossed up on middle and off, driven back to the bowler",9.4,0,0.0,"Adeel Raja to Imrul, no run  .tossed up on middle and off, driven back to the bowler",Adeel Raja,Imrul,0.0,0,0,1,1,0.0,0,,0
"9.5 
2 
Adeel Raja to Imrul, 2 runs 
poor ball, juicy full toss on middle, mistimes that swing as he gets it past midwicket, 
Seelaar runs across from deep square leg to keep them to two",9.5,2,2.0,"Adeel Raja to Imrul, 2 runs  .poor ball, juicy full toss on middle, mistimes that swing as he gets it past midwicket,  .Seelaar runs across from deep square leg to keep them to two",Adeel Raja,Imrul,2.0,0,0,1,1,2.0,0,,1
"9.6 
• 
Adeel Raja to Imrul, no run 
well done at point, short ball, was slashed but the fielder dived full length to his left to 
stop that 
end of over 107 runs  
BAN: 30/1CRR: 3.00 • RRR: 3.27 
Imrul Kayes14 (28b 1x4) 
Zunaed Siddique16 (28b 3x4) 
Adeel Raja 5-0-22-0 
Ryan ten Doeschate 1-1-0-0 
A slow start but not much damage in the chase. The second Powerplay has been taken",9.6,0,0.0,"Adeel Raja to Imrul, no run  .well done at point, short ball, was slashed but the fielder dived full length to his left to  .stop that",Adeel Raja,Imrul,0.0,0,0,1,1,0.0,0,,0
"10.1 
2 
Ryan ten Doeschate to Siddique, 2 runs 
strays on the pads, flicks it behind square leg for a couple of runs",10.1,2,2.0,"Ryan ten Doeschate to Siddique, 2 runs  .strays on the pads, flicks it behind square leg for a couple of runs",Ryan ten Doeschate,Siddique,2.0,0,0,1,1,2.0,0,,1
"10.2 
1 
Ryan ten Doeschate to Siddique, 1 run 
short ball on the off, there's not timing it too well, pulled towards deep square leg for a 
single",10.2,1,1.0,"Ryan ten Doeschate to Siddique, 1 run  .short ball on the off, there's not timing it too well, pulled towards deep square leg for a  .single",Ryan ten Doeschate,Siddique,1.0,0,0,1,1,1.0,0,,1
"10.3 
1 
Ryan ten Doeschate to Imrul, 1 run 
singles coming much more easily now, short of a good length on middle and leg, turns 
the face and places it through square leg",10.3,1,1.0,"Ryan ten Doeschate to Imrul, 1 run  .singles coming much more easily now, short of a good length on middle and leg, turns  .the face and places it through square leg",Ryan ten Doeschate,Imrul,1.0,0,0,1,1,1.0,0,,1
"10.4 
• 
Ryan ten Doeschate to Siddique, no run 
a touch fuller but again on middle and leg, gets across to push it down to mid-on",10.4,0,0.0,"Ryan ten Doeschate to Siddique, no run  .a touch fuller but again on middle and leg, gets across to push it down to mid-on",Ryan ten Doeschate,Siddique,0.0,0,0,1,1,0.0,0,,0
"10.5 
1 
Ryan ten Doeschate to Siddique, 1 run 
lands on a length on leg stump, chips it in the direction of deep midwicket for a single",10.5,1,1.0,"Ryan ten Doeschate to Siddique, 1 run  .lands on a length on leg stump, chips it in the direction of deep midwicket for a single",Ryan ten Doeschate,Siddique,1.0,0,0,1,1,1.0,0,,1
"10.6 
5nb 
Ryan ten Doeschate to Imrul, (no ball) FOUR runs 
full toss outside off, was above waist-height, smacked over point for a comfortable 
boundary, was a freebie from ten Doeschate",10.6,5nb,5.0,"Ryan ten Doeschate to Imrul, (no ball) FOUR runs  .full toss outside off, was above waist-height, smacked over point for a comfortable  .boundary, was a freebie from ten Doeschate",Ryan ten Doeschate,Imrul,4.0,0,0,1,0,5.0,0,,1
"10.6 
1w 
Ryan ten Doeschate to Imrul, 1 wide 
follows that up with a full delivery down the leg side, called a wide",10.6,1w,1.0,"Ryan ten Doeschate to Imrul, 1 wide  .follows that up with a full delivery down the leg side, called a wide",Ryan ten Doeschate,Imrul,0.0,0,0,0,0,1.0,0,,1
"10.6 
1w 
Ryan ten Doeschate to Imrul, 1 wide 
ten Doeschate slipping up here, another wide down the leg side",10.6,1w,1.0,"Ryan ten Doeschate to Imrul, 1 wide  .ten Doeschate slipping up here, another wide down the leg side",Ryan ten Doeschate,Imrul,0.0,0,0,0,0,1.0,0,,1
"10.6 
• 
Ryan ten Doeschate to Imrul, no run 
fullish on middle and off and is met with a solid defence into the off side 
Jadoon: ""The Dutch have put up a great fight so far, but unfortunately they have a small 
total to defend. If BD is unable to get to this total against the Dutch, they don't deserve 
to advance any further in the tournament."" 
end of over 1112 runs  
BAN: 42/1CRR: 3.81 • RRR: 3.05 
Imrul Kayes19 (31b 2x4) 
Zunaed Siddique20 (32b 3x4) 
Ryan ten Doeschate 2-1-12-0 
Adeel Raja 5-0-22-0 
Time for some left-arm spin, this time from the Dutch. Seelaar to bowl now",10.6,0,0.0,"Ryan ten Doeschate to Imrul, no run  .fullish on middle and off and is met with a solid defence into the off side",Ryan ten Doeschate,Imrul,0.0,0,0,1,1,0.0,0,,0
"11.1 
• 
Seelaar to Siddique, no run 
floats it full on leg stump, pushed towards midwicket",11.1,0,0.0,"Seelaar to Siddique, no run  .floats it full on leg stump, pushed towards midwicket",Seelaar,Siddique,0.0,0,0,1,1,0.0,0,,0
"11.2 
• 
Seelaar to Siddique, no run 
flighted it on the off, pushed towards point off the front foot",11.2,0,0.0,"Seelaar to Siddique, no run  .flighted it on the off, pushed towards point off the front foot",Seelaar,Siddique,0.0,0,0,1,1,0.0,0,,0
"11.3 
1 
Seelaar to Siddique, 1 run 
quicker through the air, bowled short on middle, worked away through square leg",11.3,1,1.0,"Seelaar to Siddique, 1 run  .quicker through the air, bowled short on middle, worked away through square leg",Seelaar,Siddique,1.0,0,0,1,1,1.0,0,,1
"11.4 
• 
Seelaar to Imrul, no run 
bowls it around a good length on the off, gets forward and taps it back down the pitch",11.4,0,0.0,"Seelaar to Imrul, no run  .bowls it around a good length on the off, gets forward and taps it back down the pitch",Seelaar,Imrul,0.0,0,0,1,1,0.0,0,,0
"11.5 
• 
Seelaar to Imrul, no run 
tickled wide of short fine and the fielder there does a fine job diving to his left and 
preventing the single",11.5,0,0.0,"Seelaar to Imrul, no run  .tickled wide of short fine and the fielder there does a fine job diving to his left and  .preventing the single",Seelaar,Imrul,0.0,0,0,1,1,0.0,0,,0
"11.6 
• 
Seelaar to Imrul, no run 
a tidy over to begin with, pitched up on the off, driven straight to midwicket 
end of over 121 run  
BAN: 43/1CRR: 3.58 • RRR: 3.10 
Imrul Kayes19 (34b 2x4) 
Zunaed Siddique21 (35b 3x4) 
Pieter Seelaar 1-0-1-0 
Ryan ten Doeschate 2-1-12-0 
It's still not late to enter your teams for Fantasy Cricket. There are some cool Canon 
cameras to be won just for the knockout stage.",11.6,0,0.0,"Seelaar to Imrul, no run  .a tidy over to begin with, pitched up on the off, driven straight to midwicket",Seelaar,Imrul,0.0,0,0,1,1,0.0,0,,0
"12.1 
• 
Ryan ten Doeschate to Siddique, no run 
slightly short on the off, gets on the back foot and punches it to cover",12.1,0,0.0,"Ryan ten Doeschate to Siddique, no run  .slightly short on the off, gets on the back foot and punches it to cover",Ryan ten Doeschate,Siddique,0.0,0,0,1,1,0.0,0,,0
"12.2 
• 
Ryan ten Doeschate to Siddique, no run 
gets on the front foot and drives it towards extra cover",12.2,0,0.0,"Ryan ten Doeschate to Siddique, no run  .gets on the front foot and drives it towards extra cover",Ryan ten Doeschate,Siddique,0.0,0,0,1,1,0.0,0,,0
"12.3 
1lb 
Ryan ten Doeschate to Siddique, 1 leg bye 
appeal for lbw, seemed to pitch outside leg, shuffled well across to glance it fine but 
was struck on the pads. Netherlands have called for a referral. The original decision 
was Not Out.",12.3,1lb,1.0,"Ryan ten Doeschate to Siddique, 1 leg bye  .appeal for lbw, seemed to pitch outside leg, shuffled well across to glance it fine but  .was struck on the pads. Netherlands have called for a referral. The original decision  .was Not Out.",Ryan ten Doeschate,Siddique,0.0,0,0,1,1,0.0,0,,0
"12.4 
• 
Ryan ten Doeschate to Imrul, no run 
another full toss from ten Doeschate but he has a packed off-side field, struck to point 
but can't beat the in-field",12.4,0,0.0,"Ryan ten Doeschate to Imrul, no run  .another full toss from ten Doeschate but he has a packed off-side field, struck to point  .but can't beat the in-field",Ryan ten Doeschate,Imrul,0.0,0,0,1,1,0.0,0,,0
"12.5 
4 
Ryan ten Doeschate to Imrul, FOUR runs 
streaky boundary, good length outside off, appeared to move away just a hint, went hard 
at it, wasn't to the pitch but went through with it anyway, thick outside edge but well 
wide of the wicketkeeper",12.5,4,4.0,"Ryan ten Doeschate to Imrul, FOUR runs  .streaky boundary, good length outside off, appeared to move away just a hint, went hard  .at it, wasn't to the pitch but went through with it anyway, thick outside edge but well  .wide of the wicketkeeper",Ryan ten Doeschate,Imrul,4.0,1,0,1,1,4.0,0,,1
"12.6 
• 
Ryan ten Doeschate to Imrul, no run 
good length on middle, gets forward and defends it solidly back to the bowler 
end of over 135 runs  
BAN: 48/1CRR: 3.69 • RRR: 3.05 
Imrul Kayes23 (37b 3x4) 
Zunaed Siddique21 (38b 3x4) 
Ryan ten Doeschate 3-1-16-0 
Pieter Seelaar 1-0-1-0 
Yep, please do read it here. 
Ramachandran: ""Was heart wrenching to read the article 'When Gordong Greenidge 
cried'. Truly a very good article and brings out how these two teams and in particular 
Bangaldesh has toiled hard to win but also have paid the price for being on the 
inexperienced side.""",12.6,0,0.0,"Ryan ten Doeschate to Imrul, no run  .good length on middle, gets forward and defends it solidly back to the bowler",Ryan ten Doeschate,Imrul,0.0,0,0,1,1,0.0,0,,0
"13.1 
1 
Seelaar to Siddique, 1 run 
short ball, pulled away hard but straight to deep midwicket for a single",13.1,1,1.0,"Seelaar to Siddique, 1 run  .short ball, pulled away hard but straight to deep midwicket for a single",Seelaar,Siddique,1.0,0,0,1,1,1.0,0,,1
"13.2 
1 
Seelaar to Imrul, 1 run 
tickled into the leg side for a single to raise the 50-partnership, Bangladesh are on track",13.2,1,1.0,"Seelaar to Imrul, 1 run  .tickled into the leg side for a single to raise the 50-partnership, Bangladesh are on track",Seelaar,Imrul,1.0,0,0,1,1,1.0,0,,1
"13.3 
1 
Seelaar to Siddique, 1 run 
floating it just outside off, works it away behind square for a single",13.3,1,1.0,"Seelaar to Siddique, 1 run  .floating it just outside off, works it away behind square for a single",Seelaar,Siddique,1.0,0,0,1,1,1.0,0,,1
"13.4 
1 
Seelaar to Imrul, 1 run 
comes down the track and drives it down to long-on for one more",13.4,1,1.0,"Seelaar to Imrul, 1 run  .comes down the track and drives it down to long-on for one more",Seelaar,Imrul,1.0,0,0,1,1,1.0,0,,1
"13.5 
• 
Seelaar to Siddique, no run 
fullish outside off, dug out in the direction of point",13.5,0,0.0,"Seelaar to Siddique, no run  .fullish outside off, dug out in the direction of point",Seelaar,Siddique,0.0,0,0,1,1,0.0,0,,0
"13.6 
4 
Seelaar to Siddique, FOUR runs 
found the gap despite a packed off-side field, short outside off, picked the length early, 
rocked back and punched it hard past the diving extra cover 
end of over 148 runs  
BAN: 56/1CRR: 4.00 • RRR: 2.91 
Zunaed Siddique27 (42b 4x4) 
Imrul Kayes25 (39b 3x4) 
Pieter Seelaar 2-0-9-0 
Ryan ten Doeschate 3-1-16-0",13.6,4,4.0,"Seelaar to Siddique, FOUR runs  .found the gap despite a packed off-side field, short outside off, picked the length early,  .rocked back and punched it hard past the diving extra cover",Seelaar,Siddique,4.0,1,0,1,1,4.0,0,,1
"14.1 
• 
Ryan ten Doeschate to Imrul, no run 
slower one bowled short outside off, dabs it in front of point",14.1,0,0.0,"Ryan ten Doeschate to Imrul, no run  .slower one bowled short outside off, dabs it in front of point",Ryan ten Doeschate,Imrul,0.0,0,0,1,1,0.0,0,,0
"14.2 
1w 
Ryan ten Doeschate to Imrul, 1 wide 
he's not been very accurate today, has he? Another wide, his third, down the leg side",14.2,1w,1.0,"Ryan ten Doeschate to Imrul, 1 wide  .he's not been very accurate today, has he? Another wide, his third, down the leg side",Ryan ten Doeschate,Imrul,0.0,0,0,0,0,1.0,0,,1
"14.2 
• 
Ryan ten Doeschate to Imrul, no run 
slower offcutter, cut away from a good length as he poked at it to beat the outside edge",14.2,0,0.0,"Ryan ten Doeschate to Imrul, no run  .slower offcutter, cut away from a good length as he poked at it to beat the outside edge",Ryan ten Doeschate,Imrul,0.0,0,0,1,1,0.0,0,,0
"14.3 
4 
Ryan ten Doeschate to Imrul, FOUR runs 
good length on the off, mistimed for the umpteenth time, was looking to loft it over mid-
off but ended up slicing it over point, nevertheless it was good enough to roll down 
towards the ropes",14.3,4,4.0,"Ryan ten Doeschate to Imrul, FOUR runs  .good length on the off, mistimed for the umpteenth time, was looking to loft it over mid- .off but ended up slicing it over point, nevertheless it was good enough to roll down  .towards the ropes",Ryan ten Doeschate,Imrul,4.0,1,0,1,1,4.0,0,,1
"14.4 
• 
Ryan ten Doeschate to Imrul, no run 
short of a good length on middle, gets back and taps it down the pitch",14.4,0,0.0,"Ryan ten Doeschate to Imrul, no run  .short of a good length on middle, gets back and taps it down the pitch",Ryan ten Doeschate,Imrul,0.0,0,0,1,1,0.0,0,,0
"14.5 
1 
Ryan ten Doeschate to Imrul, 1 run 
sliding it on middle and leg, turned away through square leg for a single",14.5,1,1.0,"Ryan ten Doeschate to Imrul, 1 run  .sliding it on middle and leg, turned away through square leg for a single",Ryan ten Doeschate,Imrul,1.0,0,0,1,1,1.0,0,,1
"14.6 
2 
Ryan ten Doeschate to Siddique, 2 runs 
straying on the pads, easy runs for Junaid as he glaces it down wide of the fine-leg 
fielder for a couple of runs 
end of over 158 runs  
BAN: 64/1CRR: 4.26 • RRR: 2.77 
Zunaed Siddique29 (43b 4x4) 
Imrul Kayes30 (44b 4x4) 
Ryan ten Doeschate 4-1-24-0 
Pieter Seelaar 2-0-9-0",14.6,2,2.0,"Ryan ten Doeschate to Siddique, 2 runs  .straying on the pads, easy runs for Junaid as he glaces it down wide of the fine-leg  .fielder for a couple of runs",Ryan ten Doeschate,Siddique,2.0,0,0,1,1,2.0,0,,1
"15.1 
• 
Seelaar to Imrul, no run 
worked away towards midwicket",15.1,0,0.0,"Seelaar to Imrul, no run  .worked away towards midwicket",Seelaar,Imrul,0.0,0,0,1,1,0.0,0,,0
"15.2 
• 
Seelaar to Imrul, no run",15.2,0,0.0,"Seelaar to Imrul, no run",Seelaar,Imrul,0.0,0,0,1,1,0.0,0,,0
"15.3 
• 
Seelaar to Imrul, no run 
flighted on leg stump, closes the face to play it to short fine",15.3,0,0.0,"Seelaar to Imrul, no run  .flighted on leg stump, closes the face to play it to short fine",Seelaar,Imrul,0.0,0,0,1,1,0.0,0,,0
"15.4 
• 
Seelaar to Imrul, no run 
full toss on middle, punches it towards midwicket, fails to dispatch it",15.4,0,0.0,"Seelaar to Imrul, no run  .full toss on middle, punches it towards midwicket, fails to dispatch it",Seelaar,Imrul,0.0,0,0,1,1,0.0,0,,0
"15.5 
1 
Seelaar to Imrul, 1 run",15.5,1,1.0,"Seelaar to Imrul, 1 run",Seelaar,Imrul,1.0,0,0,1,1,1.0,0,,1
"15.6 
• 
Seelaar to Siddique, no run 
floating it on middle, gets a big stride out and defends it down the pitch 
end of over 161 run  
BAN: 65/1CRR: 4.06 • RRR: 2.82 
Zunaed Siddique29 (44b 4x4) 
Imrul Kayes31 (49b 4x4) 
Pieter Seelaar 3-0-10-0 
Ryan ten Doeschate 4-1-24-0 
Peter Borren to bowl his medium-pacers now",15.6,0,0.0,"Seelaar to Siddique, no run  .floating it on middle, gets a big stride out and defends it down the pitch",Seelaar,Siddique,0.0,0,0,1,1,0.0,0,,0
"16.1 
4 
Borren to Imrul, FOUR runs 
pitched it up and Kayes drove it well to squeeze it through that gap between point and 
cover",16.1,4,4.0,"Borren to Imrul, FOUR runs  .pitched it up and Kayes drove it well to squeeze it through that gap between point and  .cover",Borren,Imrul,4.0,1,0,1,1,4.0,0,,1
"16.2 
4 
Borren to Imrul, FOUR runs 
four more, pitched it up outside off, on the right length and he drives it hard in front of 
cover this time, off the meat and to the ropes",16.2,4,4.0,"Borren to Imrul, FOUR runs  .four more, pitched it up outside off, on the right length and he drives it hard in front of  .cover this time, off the meat and to the ropes",Borren,Imrul,4.0,1,0,1,1,4.0,0,,1
"16.3 
2 
Borren to Imrul, 2 runs 
Progressing fluently are Bangladesh now, plays the late cut, short and wide and he 
guided it cleverly wide of third man",16.3,2,2.0,"Borren to Imrul, 2 runs  .Progressing fluently are Bangladesh now, plays the late cut, short and wide and he  .guided it cleverly wide of third man",Borren,Imrul,2.0,0,0,1,1,2.0,0,,1
"16.4 
1 
Borren to Imrul, 1 run 
short of a good length outside off, run down to third man for a single",16.4,1,1.0,"Borren to Imrul, 1 run  .short of a good length outside off, run down to third man for a single",Borren,Imrul,1.0,0,0,1,1,1.0,0,,1
"16.5 
1 
Borren to Siddique, 1 run 
short and wide, cracked off the back foot through point for a single",16.5,1,1.0,"Borren to Siddique, 1 run  .short and wide, cracked off the back foot through point for a single",Borren,Siddique,1.0,0,0,1,1,1.0,0,,1
"16.6 
1lb 
Borren to Imrul, 1 leg bye 
angling on the pads, short ball, tries to feather it past the keeper but it strikes his thighs, 
they squeeze a leg bye 
end of over 1713 runs  
BAN: 78/1CRR: 4.58 • RRR: 2.51 
Imrul Kayes42 (54b 6x4) 
Zunaed Siddique30 (45b 4x4) 
Peter Borren 1-0-12-0 
Pieter Seelaar 3-0-10-0",16.6,1lb,1.0,"Borren to Imrul, 1 leg bye  .angling on the pads, short ball, tries to feather it past the keeper but it strikes his thighs,  .they squeeze a leg bye",Borren,Imrul,0.0,0,0,1,1,0.0,0,,0
"17.1 
• 
Seelaar to Imrul, no run 
flighted on middle, pushed firmly towards midwicket",17.1,0,0.0,"Seelaar to Imrul, no run  .flighted on middle, pushed firmly towards midwicket",Seelaar,Imrul,0.0,0,0,1,1,0.0,0,,0
"17.2 
• 
Seelaar to Imrul, no run 
tosses it up outside off, lands on a length, tries to drive it through extra cover, the bat 
turns in his hand and the ball rolls down to the bowler",17.2,0,0.0,"Seelaar to Imrul, no run  .tosses it up outside off, lands on a length, tries to drive it through extra cover, the bat  .turns in his hand and the ball rolls down to the bowler",Seelaar,Imrul,0.0,0,0,1,1,0.0,0,,0
"17.3 
• 
Seelaar to Imrul, no run 
short, punched off the back foot towards extra cover",17.3,0,0.0,"Seelaar to Imrul, no run  .short, punched off the back foot towards extra cover",Seelaar,Imrul,0.0,0,0,1,1,0.0,0,,0
"17.4 
• 
Seelaar to Imrul, no run 
pushed off the front foot towards midwicket",17.4,0,0.0,"Seelaar to Imrul, no run  .pushed off the front foot towards midwicket",Seelaar,Imrul,0.0,0,0,1,1,0.0,0,,0
"17.5 
2 
Seelaar to Imrul, 2 runs 
slightly short outside off, waits for it to turn in just a hint and opens the face delicately 
to run it behind third man for a couple more",17.5,2,2.0,"Seelaar to Imrul, 2 runs  .slightly short outside off, waits for it to turn in just a hint and opens the face delicately  .to run it behind third man for a couple more",Seelaar,Imrul,2.0,0,0,1,1,2.0,0,,1
"17.6 
• 
Seelaar to Imrul, no run 
stepped out but Seelaar held his length ball, turning in from outside off, padded it away 
end of over 182 runs  
BAN: 80/1CRR: 4.44 • RRR: 2.53 
Imrul Kayes44 (60b 6x4) 
Zunaed Siddique30 (45b 4x4) 
Pieter Seelaar 4-0-12-0 
Peter Borren 1-0-12-0 
Shams: ""A heartiest thanks to Sidharth Monga for the article ""The day Bangladesh made 
Greenidge cry for joy"". He rightly pointed out only a Bangladeshi would understand the 
value of that innings Akram played and all those emotional scenes that followed. 
Sidharth you salute you for understandig the bondage that BD people have with cricket.""",17.6,0,0.0,"Seelaar to Imrul, no run  .stepped out but Seelaar held his length ball, turning in from outside off, padded it away",Seelaar,Imrul,0.0,0,0,1,1,0.0,0,,0
"18.1 
• 
Borren to Siddique, no run 
short of a good length outside off, punched towards extra cover",18.1,0,0.0,"Borren to Siddique, no run  .short of a good length outside off, punched towards extra cover",Borren,Siddique,0.0,0,0,1,1,0.0,0,,0
"18.2 
1 
Borren to Siddique, 1 run 
quick single, pushes it down just wide of mid-on for a single",18.2,1,1.0,"Borren to Siddique, 1 run  .quick single, pushes it down just wide of mid-on for a single",Borren,Siddique,1.0,0,0,1,1,1.0,0,,1
"18.3 
• 
Borren to Imrul, no run 
beaten, fished for one that was just outside off, dabbed at it inside the line, missed",18.3,0,0.0,"Borren to Imrul, no run  .beaten, fished for one that was just outside off, dabbed at it inside the line, missed",Borren,Imrul,0.0,0,0,1,1,0.0,0,,0
"18.4 
2 
Borren to Imrul, 2 runs 
dropped, short of a good length outside off, tries to push it from the crease towards 
cover, gets a thick edge and the keeper can't hold on, a really tough chance gone down",18.4,2,2.0,"Borren to Imrul, 2 runs  .dropped, short of a good length outside off, tries to push it from the crease towards  .cover, gets a thick edge and the keeper can't hold on, a really tough chance gone down",Borren,Imrul,2.0,0,0,1,1,2.0,0,,1
"18.5 
1 
Borren to Imrul, 1 run 
full outside off, eased off the front foot towards deep cover for a single",18.5,1,1.0,"Borren to Imrul, 1 run  .full outside off, eased off the front foot towards deep cover for a single",Borren,Imrul,1.0,0,0,1,1,1.0,0,,1
"18.6 
1 
Borren to Siddique, 1 run 
good lengh outside off, steers it wide of point into the deep for one more 
end of over 195 runs  
BAN: 85/1CRR: 4.47 • RRR: 2.45 
Zunaed Siddique32 (48b 4x4) 
Imrul Kayes47 (63b 6x4) 
Peter Borren 2-0-17-0 
Pieter Seelaar 4-0-12-0",18.6,1,1.0,"Borren to Siddique, 1 run  .good lengh outside off, steers it wide of point into the deep for one more",Borren,Siddique,1.0,0,0,1,1,1.0,0,,1
"19.1 
1 
Seelaar to Siddique, 1 run 
bowls it full on the off, chips it towards long-on for a single",19.1,1,1.0,"Seelaar to Siddique, 1 run  .bowls it full on the off, chips it towards long-on for a single",Seelaar,Siddique,1.0,0,0,1,1,1.0,0,,1
"19.2 
1 
Seelaar to Imrul, 1 run 
full toss but he opts to just push it gently down the ground to long-on",19.2,1,1.0,"Seelaar to Imrul, 1 run  .full toss but he opts to just push it gently down the ground to long-on",Seelaar,Imrul,1.0,0,0,1,1,1.0,0,,1
"19.3 
• 
Seelaar to Siddique, no run 
turned in sharply from outside off and there was good bounce as well, looked to cut but 
that was the wrong length for the shot, surprised the batman and the keeper",19.3,0,0.0,"Seelaar to Siddique, no run  .turned in sharply from outside off and there was good bounce as well, looked to cut but  .that was the wrong length for the shot, surprised the batman and the keeper",Seelaar,Siddique,0.0,0,0,1,1,0.0,0,,0
"19.4 
1 
Seelaar to Siddique, 1 run 
punched off the back foot towards deep cover for a single",19.4,1,1.0,"Seelaar to Siddique, 1 run  .punched off the back foot towards deep cover for a single",Seelaar,Siddique,1.0,0,0,1,1,1.0,0,,1
"19.5 
• 
Seelaar to Imrul, no run 
short, waiting for it to turn in, chops it towards point",19.5,0,0.0,"Seelaar to Imrul, no run  .short, waiting for it to turn in, chops it towards point",Seelaar,Imrul,0.0,0,0,1,1,0.0,0,,0
"19.6 
1 
Seelaar to Imrul, 1 run 
flatter, opens the face and steers it through point into the deep for a single 
end of over 204 runs  
BAN: 89/1CRR: 4.45 • RRR: 2.40 
Imrul Kayes49 (66b 6x4) 
Zunaed Siddique34 (51b 4x4) 
Pieter Seelaar 5-0-16-0 
Peter Borren 2-0-17-0",19.6,1,1.0,"Seelaar to Imrul, 1 run  .flatter, opens the face and steers it through point into the deep for a single",Seelaar,Imrul,1.0,0,0,1,1,1.0,0,,1
"20.1 
• 
Borren to Imrul, no run 
full outside off, pushed through cover",20.1,0,0.0,"Borren to Imrul, no run  .full outside off, pushed through cover",Borren,Imrul,0.0,0,0,1,1,0.0,0,,0
"20.2 
1 
Borren to Imrul, 1 run 
Kayes brings up his half-century, began slowly but picked up, eased through the off side 
for a single, a solid knock and he's put Bangladesh in complete control of this chase 
with his partner",20.2,1,1.0,"Borren to Imrul, 1 run  .Kayes brings up his half-century, began slowly but picked up, eased through the off side  .for a single, a solid knock and he's put Bangladesh in complete control of this chase  .with his partner",Borren,Imrul,1.0,0,0,1,1,1.0,0,,1
"20.3 
1 
Borren to Siddique, 1 run 
short of a good length outside off, stands tall and cracks it to deep cover for a single",20.3,1,1.0,"Borren to Siddique, 1 run  .short of a good length outside off, stands tall and cracks it to deep cover for a single",Borren,Siddique,1.0,0,0,1,1,1.0,0,,1
"20.4 
1 
Borren to Imrul, 1 run 
slower ball there by Borren, lands on a length, pushed past extra cover for a single",20.4,1,1.0,"Borren to Imrul, 1 run  .slower ball there by Borren, lands on a length, pushed past extra cover for a single",Borren,Imrul,1.0,0,0,1,1,1.0,0,,1
"20.5 
W 
Borren to Siddique, OUT 
a tame dismissal there, that was short and wide, had all the time in the world to hit it 
anywhere he wanted, instead it slapped it straight to extra cover where Seelaar made no 
mistake 
Zunaed Siddique c Seelaar b Borren 35 (53b 4x4 0x6 91m) SR: 66.03 
The end of a solid stand but Siddique certainly promised more. He's given his wicket 
away there, but Bangladesh are in a dominant position 
Shahriar Nafees walks in. He was called in for this game at the expense of Raqibul 
Hasan. A good, positive strokemaker is Shahriar. A regular opener but is now batting at 
No.4",20.5,W,0.0,"Borren to Siddique, OUT  .a tame dismissal there, that was short and wide, had all the time in the world to hit it  .anywhere he wanted, instead it slapped it straight to extra cover where Seelaar made no  .mistake  .Zunaed Siddique c Seelaar b Borren 35 (53b 4x4 0x6 91m) SR: 66.03",Borren,Siddique,0.0,0,0,1,1,0.0,1,c Seelaar b Borren,0
"20.6 
• 
Borren to Nafees, no run 
short of a length outside off, allows it through to the keeper 
end of over 213 runs • 1 wicket 
BAN: 92/2CRR: 4.38 • RRR: 2.37 
Shahriar Nafees0 (1b) 
Imrul Kayes51 (69b 6x4) 
Peter Borren 3-0-20-1 
Pieter Seelaar 5-0-16-0",20.6,0,0.0,"Borren to Nafees, no run  .short of a length outside off, allows it through to the keeper",Borren,Nafees,0.0,0,0,1,1,0.0,0,,0
"21.1 
• 
Seelaar to Imrul, no run 
short of a good length on the off, pushed into the off side",21.1,0,0.0,"Seelaar to Imrul, no run  .short of a good length on the off, pushed into the off side",Seelaar,Imrul,0.0,0,0,1,1,0.0,0,,0
"21.2 
1 
Seelaar to Imrul, 1 run 
played down the ground towards long-on for a single",21.2,1,1.0,"Seelaar to Imrul, 1 run  .played down the ground towards long-on for a single",Seelaar,Imrul,1.0,0,0,1,1,1.0,0,,1
"21.3 
• 
Seelaar to Nafees, no run 
flighted outside off, lands full, driven straight to extra cover",21.3,0,0.0,"Seelaar to Nafees, no run  .flighted outside off, lands full, driven straight to extra cover",Seelaar,Nafees,0.0,0,0,1,1,0.0,0,,0
"21.4 
• 
Seelaar to Nafees, no run 
short outside off, turning in, reaches for it and swats it hard past extra cover but it's a 
diving stop again, just the single",21.4,0,0.0,"Seelaar to Nafees, no run  .short outside off, turning in, reaches for it and swats it hard past extra cover but it's a  .diving stop again, just the single",Seelaar,Nafees,0.0,0,0,1,1,0.0,0,,0
"21.5 
• 
Seelaar to Nafees, no run 
the Dutch won't give away anything in the field, tossed up and it's struck hard again but 
extra cover's into the act again preventing the single with a full-length dive",21.5,0,0.0,"Seelaar to Nafees, no run  .the Dutch won't give away anything in the field, tossed up and it's struck hard again but  .extra cover's into the act again preventing the single with a full-length dive",Seelaar,Nafees,0.0,0,0,1,1,0.0,0,,0
"21.6 
• 
Seelaar to Nafees, no run 
shortish outside off, bowled flat, mistimes an attempted cut to cover 
end of over 221 run  
BAN: 93/2CRR: 4.22 • RRR: 2.42 
Shahriar Nafees0 (5b) 
Imrul Kayes52 (71b 6x4) 
Pieter Seelaar 6-0-17-0 
Peter Borren 3-0-20-1 
A slip in place now",21.6,0,0.0,"Seelaar to Nafees, no run  .shortish outside off, bowled flat, mistimes an attempted cut to cover",Seelaar,Nafees,0.0,0,0,1,1,0.0,0,,0
"22.1 
• 
Borren to Imrul, no run 
around a good length on middle from round the wicket, defended back down the pitch",22.1,0,0.0,"Borren to Imrul, no run  .around a good length on middle from round the wicket, defended back down the pitch",Borren,Imrul,0.0,0,0,1,1,0.0,0,,0
"22.2 
2 
Borren to Imrul, 2 runs 
short and wide and it;s slashed hard, past the diving point into the deep for a couple of 
runs",22.2,2,2.0,"Borren to Imrul, 2 runs  .short and wide and it;s slashed hard, past the diving point into the deep for a couple of  .runs",Borren,Imrul,2.0,0,0,1,1,2.0,0,,1
"22.3 
1 
Borren to Imrul, 1 run 
pitched up outside off, forces it between extra cover and point for a single",22.3,1,1.0,"Borren to Imrul, 1 run  .pitched up outside off, forces it between extra cover and point for a single",Borren,Imrul,1.0,0,0,1,1,1.0,0,,1
"22.4 
• 
Borren to Nafees, no run 
did that stop on him? Or did he push at it a little too early? Landed slightly short, reached 
forward and took his bottom hand off, went off the slice and landed short of point",22.4,0,0.0,"Borren to Nafees, no run  .did that stop on him? Or did he push at it a little too early? Landed slightly short, reached  .forward and took his bottom hand off, went off the slice and landed short of point",Borren,Nafees,0.0,0,0,1,1,0.0,0,,0
"22.5 
• 
Borren to Nafees, no run 
gets forward and turns it into the leg side",22.5,0,0.0,"Borren to Nafees, no run  .gets forward and turns it into the leg side",Borren,Nafees,0.0,0,0,1,1,0.0,0,,0
"22.6 
• 
Borren to Nafees, no run 
was the slower legcutter, from the back of the hand, chops it down to point 
end of over 233 runs  
BAN: 96/2CRR: 4.17 • RRR: 2.40 
Shahriar Nafees0 (8b) 
Imrul Kayes55 (74b 6x4) 
Peter Borren 4-0-23-1 
Pieter Seelaar 6-0-17-0",22.6,0,0.0,"Borren to Nafees, no run  .was the slower legcutter, from the back of the hand, chops it down to point",Borren,Nafees,0.0,0,0,1,1,0.0,0,,0
"23.1 
1 
Seelaar to Imrul, 1 run 
shortish on the off, gets on the back foot and punches it to long-on for a single",23.1,1,1.0,"Seelaar to Imrul, 1 run  .shortish on the off, gets on the back foot and punches it to long-on for a single",Seelaar,Imrul,1.0,0,0,1,1,1.0,0,,1
"23.2 
• 
Seelaar to Nafees, no run 
yorked himself there, was looped up but he played it from the crease, failed to dig it out 
as he tried to play it into the off side",23.2,0,0.0,"Seelaar to Nafees, no run  .yorked himself there, was looped up but he played it from the crease, failed to dig it out  .as he tried to play it into the off side",Seelaar,Nafees,0.0,0,0,1,1,0.0,0,,0
"23.3 
1 
Seelaar to Nafees, 1 run 
finally off the mark with a mistimed punch past point",23.3,1,1.0,"Seelaar to Nafees, 1 run  .finally off the mark with a mistimed punch past point",Seelaar,Nafees,1.0,0,0,1,1,1.0,0,,1
"23.4 
• 
Seelaar to Imrul, no run 
flighted on the off, gets front and across and drives it back to the bowler",23.4,0,0.0,"Seelaar to Imrul, no run  .flighted on the off, gets front and across and drives it back to the bowler",Seelaar,Imrul,0.0,0,0,1,1,0.0,0,,0
"23.5 
• 
Seelaar to Imrul, no run 
quicker delivery bowled short outside off, tried to open the face, missed, the keeper 
collected well and took off the bails, Dar's called for a replay but Kayes is comfortably in",23.5,0,0.0,"Seelaar to Imrul, no run  .quicker delivery bowled short outside off, tried to open the face, missed, the keeper  .collected well and took off the bails, Dar's called for a replay but Kayes is comfortably in",Seelaar,Imrul,0.0,0,0,1,1,0.0,0,,0
"23.6 
1 
Seelaar to Imrul, 1 run 
turning in, gets on the back foot and works it square for a single 
end of over 243 runs  
BAN: 99/2CRR: 4.12 • RRR: 2.38 
Imrul Kayes57 (78b 6x4) 
Shahriar Nafees1 (10b) 
Pieter Seelaar 7-0-20-0 
Peter Borren 4-0-23-1",23.6,1,1.0,"Seelaar to Imrul, 1 run  .turning in, gets on the back foot and works it square for a single",Seelaar,Imrul,1.0,0,0,1,1,1.0,0,,1
"24.1 
• 
Borren to Imrul, no run 
pushing it on a length on the off from round the wicket, played to cover",24.1,0,0.0,"Borren to Imrul, no run  .pushing it on a length on the off from round the wicket, played to cover",Borren,Imrul,0.0,0,0,1,1,0.0,0,,0
"24.2 
1 
Borren to Imrul, 1 run 
short and wide, reaches for it and chops it down towards third man for a single brings 
up the 100 for Bangladesh",24.2,1,1.0,"Borren to Imrul, 1 run  .short and wide, reaches for it and chops it down towards third man for a single brings  .up the 100 for Bangladesh",Borren,Imrul,1.0,0,0,1,1,1.0,0,,1
"24.3 
1 
Borren to Nafees, 1 run 
was the slower legcutter again, Shahriar waited for it to cut in and guided it down to 
third man for a single",24.3,1,1.0,"Borren to Nafees, 1 run  .was the slower legcutter again, Shahriar waited for it to cut in and guided it down to  .third man for a single",Borren,Nafees,1.0,0,0,1,1,1.0,0,,1
"24.4 
2 
Borren to Imrul, 2 runs 
short and wide, Kayes is looking very fluent now, cuts it behind point, third man runs 
across and keeps them down to a couple",24.4,2,2.0,"Borren to Imrul, 2 runs  .short and wide, Kayes is looking very fluent now, cuts it behind point, third man runs  .across and keeps them down to a couple",Borren,Imrul,2.0,0,0,1,1,2.0,0,,1
"24.5 
• 
Borren to Imrul, no run 
angling in towards off, gets forward and defends it in front of cover",24.5,0,0.0,"Borren to Imrul, no run  .angling in towards off, gets forward and defends it in front of cover",Borren,Imrul,0.0,0,0,1,1,0.0,0,,0
"24.6 
1 
Borren to Imrul, 1 run 
firing it on middle, nudges it behind square for a single to keep strike 
end of over 255 runs  
BAN: 104/2CRR: 4.16 • RRR: 2.28 
Imrul Kayes61 (83b 6x4) 
Shahriar Nafees2 (11b) 
Peter Borren 5-0-28-1 
Pieter Seelaar 7-0-20-0",24.6,1,1.0,"Borren to Imrul, 1 run  .firing it on middle, nudges it behind square for a single to keep strike",Borren,Imrul,1.0,0,0,1,1,1.0,0,,1
"25.1 
1 
Seelaar to Imrul, 1 run 
slightly short on the off, moves back and punches it down the ground for a single to 
long-on",25.1,1,1.0,"Seelaar to Imrul, 1 run  .slightly short on the off, moves back and punches it down the ground for a single to  .long-on",Seelaar,Imrul,1.0,0,0,1,1,1.0,0,,1
"25.2 
• 
Seelaar to Nafees, no run 
turning in from outside off, gets behind it and drops it in front of cover",25.2,0,0.0,"Seelaar to Nafees, no run  .turning in from outside off, gets behind it and drops it in front of cover",Seelaar,Nafees,0.0,0,0,1,1,0.0,0,,0
"25.3 
• 
Seelaar to Nafees, no run 
flighted on the off, gets a big stride out and plays it back to the bowler",25.3,0,0.0,"Seelaar to Nafees, no run  .flighted on the off, gets a big stride out and plays it back to the bowler",Seelaar,Nafees,0.0,0,0,1,1,0.0,0,,0
"25.4 
2 
Seelaar to Nafees, 2 runs 
inside edge, was forced through quicker on the off stump, tried to drive it through the 
line but it turned in, got an inside edge past short fine",25.4,2,2.0,"Seelaar to Nafees, 2 runs  .inside edge, was forced through quicker on the off stump, tried to drive it through the  .line but it turned in, got an inside edge past short fine",Seelaar,Nafees,2.0,0,0,1,1,2.0,0,,1
"25.5 
• 
Seelaar to Nafees, no run 
flighted on middle, pushes it back down the pitch to the bowler",25.5,0,0.0,"Seelaar to Nafees, no run  .flighted on middle, pushes it back down the pitch to the bowler",Seelaar,Nafees,0.0,0,0,1,1,0.0,0,,0
"25.6 
• 
Seelaar to Nafees, no run 
short ball outside off, gets on the back foot and chops it towards point 
end of over 263 runs  
BAN: 107/2CRR: 4.11 • RRR: 2.25 
Shahriar Nafees4 (16b) 
Imrul Kayes62 (84b 6x4) 
Pieter Seelaar 8-0-23-0 
Peter Borren 5-0-28-1 
Bukhari back into the attack, with the keeper standing up this time",25.6,0,0.0,"Seelaar to Nafees, no run  .short ball outside off, gets on the back foot and chops it towards point",Seelaar,Nafees,0.0,0,0,1,1,0.0,0,,0
"26.1 
1 
Bukhari to Imrul, 1 run 
full outside off, square-driven wide of point for a single",26.1,1,1.0,"Bukhari to Imrul, 1 run  .full outside off, square-driven wide of point for a single",Bukhari,Imrul,1.0,0,0,1,1,1.0,0,,1
"26.2 
• 
Bukhari to Nafees, no run 
back of a length on middle and off, gets back and drops it in front of the bowler",26.2,0,0.0,"Bukhari to Nafees, no run  .back of a length on middle and off, gets back and drops it in front of the bowler",Bukhari,Nafees,0.0,0,0,1,1,0.0,0,,0
"26.3 
• 
Bukhari to Nafees, no run 
shortish on the off, punched back to the bowler from the crease",26.3,0,0.0,"Bukhari to Nafees, no run  .shortish on the off, punched back to the bowler from the crease",Bukhari,Nafees,0.0,0,0,1,1,0.0,0,,0
"26.4 
• 
Bukhari to Nafees, no run 
nipped back in just a touch from the off stump, got across and played it in front of 
midwicket",26.4,0,0.0,"Bukhari to Nafees, no run  .nipped back in just a touch from the off stump, got across and played it in front of  .midwicket",Bukhari,Nafees,0.0,0,0,1,1,0.0,0,,0
"26.5 
• 
Bukhari to Nafees, no run 
back of a length on the off, he's not connecting them too well is Shahriar, chopped down 
towards point",26.5,0,0.0,"Bukhari to Nafees, no run  .back of a length on the off, he's not connecting them too well is Shahriar, chopped down  .towards point",Bukhari,Nafees,0.0,0,0,1,1,0.0,0,,0
"26.6 
• 
Bukhari to Nafees, no run 
back of a length again, can't beat the in-field, knocks it straight towards cover 
end of over 271 run  
BAN: 108/2CRR: 4.00 • RRR: 2.30 
Shahriar Nafees4 (21b) 
Imrul Kayes63 (85b 6x4) 
Mudassar Bukhari 5-2-9-1 
Pieter Seelaar 8-0-23-0 
Tom Cooper to bowl his offspinners now. A slip in place",26.6,0,0.0,"Bukhari to Nafees, no run  .back of a length again, can't beat the in-field, knocks it straight towards cover",Bukhari,Nafees,0.0,0,0,1,1,0.0,0,,0
"27.1 
• 
Cooper to Imrul, no run 
angling in towards off from round the wicket, driven straight to extra cover",27.1,0,0.0,"Cooper to Imrul, no run  .angling in towards off from round the wicket, driven straight to extra cover",Cooper,Imrul,0.0,0,0,1,1,0.0,0,,0
"27.2 
1 
Cooper to Imrul, 1 run 
slices that uppishly wide of point for a single",27.2,1,1.0,"Cooper to Imrul, 1 run  .slices that uppishly wide of point for a single",Cooper,Imrul,1.0,0,0,1,1,1.0,0,,1
"27.3 
1 
Cooper to Nafees, 1 run 
tossed up on the off, driven down towards long-off for a single",27.3,1,1.0,"Cooper to Nafees, 1 run  .tossed up on the off, driven down towards long-off for a single",Cooper,Nafees,1.0,0,0,1,1,1.0,0,,1
"27.4 
1 
Cooper to Imrul, 1 run 
full toss on middle, flicked through midwicket into the deep for a single",27.4,1,1.0,"Cooper to Imrul, 1 run  .full toss on middle, flicked through midwicket into the deep for a single",Cooper,Imrul,1.0,0,0,1,1,1.0,0,,1
"27.5 
2 
Cooper to Nafees, 2 runs 
finds the gap this time, short outside off, waited for it to turn away and slapped it past 
the diving extra cover for a couple of runs",27.5,2,2.0,"Cooper to Nafees, 2 runs  .finds the gap this time, short outside off, waited for it to turn away and slapped it past  .the diving extra cover for a couple of runs",Cooper,Nafees,2.0,0,0,1,1,2.0,0,,1
"27.6 
1 
Cooper to Nafees, 1 run 
flighted on the off, leans into the drive as he plays it to long-off to keep the strike 
end of over 286 runs  
BAN: 114/2CRR: 4.07 • RRR: 2.13 
Shahriar Nafees8 (24b) 
Imrul Kayes65 (88b 6x4) 
Tom Cooper 1-0-6-0 
Mudassar Bukhari 5-2-9-1",27.6,1,1.0,"Cooper to Nafees, 1 run  .flighted on the off, leans into the drive as he plays it to long-off to keep the strike",Cooper,Nafees,1.0,0,0,1,1,1.0,0,,1
"28.1 
• 
Bukhari to Nafees, no run 
pitched up on the off, pushes it towards mid-off off the front foot",28.1,0,0.0,"Bukhari to Nafees, no run  .pitched up on the off, pushes it towards mid-off off the front foot",Bukhari,Nafees,0.0,0,0,1,1,0.0,0,,0
"28.2 
• 
Bukhari to Nafees, no run 
short on the off, tries to swat it past mid-off but got an inside edge",28.2,0,0.0,"Bukhari to Nafees, no run  .short on the off, tries to swat it past mid-off but got an inside edge",Bukhari,Nafees,0.0,0,0,1,1,0.0,0,,0
"28.3 
• 
Bukhari to Nafees, no run 
shortish outside off, cracks it from the crease towards extra cover",28.3,0,0.0,"Bukhari to Nafees, no run  .shortish outside off, cracks it from the crease towards extra cover",Bukhari,Nafees,0.0,0,0,1,1,0.0,0,,0
"28.4 
4 
Bukhari to Nafees, FOUR runs 
whack! His first authoritative shot, good length ball outside off, bends down on one 
knee and caressess it past mid-off, off the meat, that should give him some confidence 
after a slow start",28.4,4,4.0,"Bukhari to Nafees, FOUR runs  .whack! His first authoritative shot, good length ball outside off, bends down on one  .knee and caressess it past mid-off, off the meat, that should give him some confidence  .after a slow start",Bukhari,Nafees,4.0,1,0,1,1,4.0,0,,1
"28.5 
1 
Bukhari to Nafees, 1 run 
back of a length outside off, tries to chop it towards point, sneaks a quick single as it 
drops on the off side",28.5,1,1.0,"Bukhari to Nafees, 1 run  .back of a length outside off, tries to chop it towards point, sneaks a quick single as it  .drops on the off side",Bukhari,Nafees,1.0,0,0,1,1,1.0,0,,1
"28.6 
• 
Bukhari to Imrul, no run 
short and wide, was looking to cut, the ball was ripe for such a shot but he inside edged 
it in front of the keeper 
end of over 295 runs  
BAN: 119/2CRR: 4.10 • RRR: 2.00 
Imrul Kayes65 (89b 6x4) 
Shahriar Nafees13 (29b 1x4) 
Mudassar Bukhari 6-2-14-1 
Tom Cooper 1-0-6-0",28.6,0,0.0,"Bukhari to Imrul, no run  .short and wide, was looking to cut, the ball was ripe for such a shot but he inside edged  .it in front of the keeper",Bukhari,Imrul,0.0,0,0,1,1,0.0,0,,0
"29.1 
2 
Cooper to Nafees, 2 runs 
floating it outside off, waits for it to turn away and evn though there is a slip in place he 
risks opening the face to guide it behind him for a couple",29.1,2,2.0,"Cooper to Nafees, 2 runs  .floating it outside off, waits for it to turn away and evn though there is a slip in place he  .risks opening the face to guide it behind him for a couple",Cooper,Nafees,2.0,0,0,1,1,2.0,0,,1
"29.2 
• 
Cooper to Nafees, no run 
tossed up on middle, driven towards cover off the front foot",29.2,0,0.0,"Cooper to Nafees, no run  .tossed up on middle, driven towards cover off the front foot",Cooper,Nafees,0.0,0,0,1,1,0.0,0,,0
"29.3 
• 
Cooper to Nafees, no run 
slightly short on middle and off, defended into the off side",29.3,0,0.0,"Cooper to Nafees, no run  .slightly short on middle and off, defended into the off side",Cooper,Nafees,0.0,0,0,1,1,0.0,0,,0
"29.4 
2 
Cooper to Nafees, 2 runs 
short outside off, a rare lapse in the field from the Dutch, it;s slapped off the back foot 
and there's a misfield at cover",29.4,2,2.0,"Cooper to Nafees, 2 runs  .short outside off, a rare lapse in the field from the Dutch, it;s slapped off the back foot  .and there's a misfield at cover",Cooper,Nafees,2.0,0,0,1,1,2.0,0,,1
"29.5 
1 
Cooper to Nafees, 1 run 
thick outside edge as he tries to chase a slightly wide delivery with an attempt to drive it 
towards cover",29.5,1,1.0,"Cooper to Nafees, 1 run  .thick outside edge as he tries to chase a slightly wide delivery with an attempt to drive it  .towards cover",Cooper,Nafees,1.0,0,0,1,1,1.0,0,,1
"29.6 
2b 
Cooper to Imrul, 2 byes 
between keeper and slip, flighted ball outside off, his eyes lit up as he looked to cream it 
through cover, the ball landed in the rought, spun away, and went right between keeper 
and slip. And guess what, it didn't take the outside edge 
end of over 307 runs  
BAN: 126/2CRR: 4.20 • RRR: 1.75 
Imrul Kayes65 (90b 6x4) 
Shahriar Nafees18 (34b 1x4) 
Tom Cooper 2-0-11-0 
Mudassar Bukhari 6-2-14-1 
ten Doeschate is back",29.6,2b,2.0,"Cooper to Imrul, 2 byes  .between keeper and slip, flighted ball outside off, his eyes lit up as he looked to cream it  .through cover, the ball landed in the rought, spun away, and went right between keeper  .and slip. And guess what, it didn't take the outside edge",Cooper,Imrul,0.0,0,0,1,1,0.0,0,,1
"30.1 
• 
Ryan ten Doeschate to Nafees, no run 
pushed through towards mid-on",30.1,0,0.0,"Ryan ten Doeschate to Nafees, no run  .pushed through towards mid-on",Ryan ten Doeschate,Nafees,0.0,0,0,1,1,0.0,0,,0
"30.2 
1 
Ryan ten Doeschate to Nafees, 1 run 
slightly short on the off, chopped in front of point for a quick single",30.2,1,1.0,"Ryan ten Doeschate to Nafees, 1 run  .slightly short on the off, chopped in front of point for a quick single",Ryan ten Doeschate,Nafees,1.0,0,0,1,1,1.0,0,,1
"30.3 
1 
Ryan ten Doeschate to Imrul, 1 run 
worked away off the front foot behind square for a single",30.3,1,1.0,"Ryan ten Doeschate to Imrul, 1 run  .worked away off the front foot behind square for a single",Ryan ten Doeschate,Imrul,1.0,0,0,1,1,1.0,0,,1
"30.4 
• 
Ryan ten Doeschate to Nafees, no run 
slower ball and he was into the shot a little too early there, went across and tried to 
close the face, the ball cut away to take the leading edge",30.4,0,0.0,"Ryan ten Doeschate to Nafees, no run  .slower ball and he was into the shot a little too early there, went across and tried to  .close the face, the ball cut away to take the leading edge",Ryan ten Doeschate,Nafees,0.0,0,0,1,1,0.0,0,,0
"30.5 
1 
Ryan ten Doeschate to Nafees, 1 run 
good length, driven firmly through the line wide of mid-off for a single",30.5,1,1.0,"Ryan ten Doeschate to Nafees, 1 run  .good length, driven firmly through the line wide of mid-off for a single",Ryan ten Doeschate,Nafees,1.0,0,0,1,1,1.0,0,,1
"30.6 
• 
Ryan ten Doeschate to Imrul, no run 
slower offcutter, played away towards cover 
end of over 313 runs  
BAN: 129/2CRR: 4.16 • RRR: 1.68 
Imrul Kayes66 (92b 6x4) 
Shahriar Nafees20 (38b 1x4) 
Ryan ten Doeschate 5-1-27-0 
Tom Cooper 2-0-11-0",30.6,0,0.0,"Ryan ten Doeschate to Imrul, no run  .slower offcutter, played away towards cover",Ryan ten Doeschate,Imrul,0.0,0,0,1,1,0.0,0,,0
"31.1 
• 
Cooper to Nafees, no run 
short ball outside off, cracked off the back foot to cover",31.1,0,0.0,"Cooper to Nafees, no run  .short ball outside off, cracked off the back foot to cover",Cooper,Nafees,0.0,0,0,1,1,0.0,0,,0
"31.2 
• 
Cooper to Nafees, no run 
low full toss on middle, driven firmly but straight to mid-off",31.2,0,0.0,"Cooper to Nafees, no run  .low full toss on middle, driven firmly but straight to mid-off",Cooper,Nafees,0.0,0,0,1,1,0.0,0,,0
"31.3 
• 
Cooper to Nafees, no run 
looping it on middle, reaches for it and nudges it to mid-off",31.3,0,0.0,"Cooper to Nafees, no run  .looping it on middle, reaches for it and nudges it to mid-off",Cooper,Nafees,0.0,0,0,1,1,0.0,0,,0
"31.4 
• 
Cooper to Nafees, no run 
short on the off, waits for it to turn away and punches it but can;t get it past cover",31.4,0,0.0,"Cooper to Nafees, no run  .short on the off, waits for it to turn away and punches it but can;t get it past cover",Cooper,Nafees,0.0,0,0,1,1,0.0,0,,0
"31.5 
• 
Cooper to Nafees, no run 
identical result, had to reach for it a little more but cover's again into the action",31.5,0,0.0,"Cooper to Nafees, no run  .identical result, had to reach for it a little more but cover's again into the action",Cooper,Nafees,0.0,0,0,1,1,0.0,0,,0
"31.6 
• 
Cooper to Nafees, no run 
dropped into the off side, thinks of a single but it isn;t there 
end of over 32Maiden 
BAN: 129/2CRR: 4.03 • RRR: 1.77 
Shahriar Nafees20 (44b 1x4) 
Imrul Kayes66 (92b 6x4) 
Tom Cooper 3-1-11-0 
Ryan ten Doeschate 5-1-27-0 
A packed off-side field",31.6,0,0.0,"Cooper to Nafees, no run  .dropped into the off side, thinks of a single but it isn;t there",Cooper,Nafees,0.0,0,0,1,1,0.0,0,,0
"32.1 
• 
Ryan ten Doeschate to Imrul, no run 
swing and a miss, good length ball, tried to send it back to Dhaka but made no contact",32.1,0,0.0,"Ryan ten Doeschate to Imrul, no run  .swing and a miss, good length ball, tried to send it back to Dhaka but made no contact",Ryan ten Doeschate,Imrul,0.0,0,0,1,1,0.0,0,,0
"32.2 
• 
Ryan ten Doeschate to Imrul, no run 
slower delivery bowled full on the off, pushed through to mid-off",32.2,0,0.0,"Ryan ten Doeschate to Imrul, no run  .slower delivery bowled full on the off, pushed through to mid-off",Ryan ten Doeschate,Imrul,0.0,0,0,1,1,0.0,0,,0
"32.3 
2 
Ryan ten Doeschate to Imrul, 2 runs 
nicely done, delicately opens the face to place it wide of third man for a single, was 
slightly short outside off",32.3,2,2.0,"Ryan ten Doeschate to Imrul, 2 runs  .nicely done, delicately opens the face to place it wide of third man for a single, was  .slightly short outside off",Ryan ten Doeschate,Imrul,2.0,0,0,1,1,2.0,0,,1
"32.4 
• 
Ryan ten Doeschate to Imrul, no run 
angling it towards leg stump, tries to flick it past midwicket, is struck on the pads",32.4,0,0.0,"Ryan ten Doeschate to Imrul, no run  .angling it towards leg stump, tries to flick it past midwicket, is struck on the pads",Ryan ten Doeschate,Imrul,0.0,0,0,1,1,0.0,0,,0
"32.5 
1lb 
Ryan ten Doeschate to Imrul, 1 leg bye 
full on the pads again, he's doled out quite a few of them this innings but the 
Bangladesh batsman haven't quite been able to dispatch them, like here for instance, all 
they can manage is a leg bye",32.5,1lb,1.0,"Ryan ten Doeschate to Imrul, 1 leg bye  .full on the pads again, he's doled out quite a few of them this innings but the  .Bangladesh batsman haven't quite been able to dispatch them, like here for instance, all  .they can manage is a leg bye",Ryan ten Doeschate,Imrul,0.0,0,0,1,1,0.0,0,,0
"32.6 
1 
Ryan ten Doeschate to Nafees, 1 run 
fires it full on leg stump, tries to dig it with a closed face, gets an inside edge down to 
fine leg for a single 
end of over 334 runs  
BAN: 133/2CRR: 4.03 • RRR: 1.64 
Shahriar Nafees21 (45b 1x4) 
Imrul Kayes68 (97b 6x4) 
Ryan ten Doeschate 6-1-30-0 
Tom Cooper 3-1-11-0",32.6,1,1.0,"Ryan ten Doeschate to Nafees, 1 run  .fires it full on leg stump, tries to dig it with a closed face, gets an inside edge down to  .fine leg for a single",Ryan ten Doeschate,Nafees,1.0,0,0,1,1,1.0,0,,1
"33.1 
• 
Cooper to Nafees, no run 
Shahriar continues to struggle to pierce the off-side field, slapped to cover",33.1,0,0.0,"Cooper to Nafees, no run  .Shahriar continues to struggle to pierce the off-side field, slapped to cover",Cooper,Nafees,0.0,0,0,1,1,0.0,0,,0
"33.2 
• 
Cooper to Nafees, no run 
some turn and bounce, shapes up to play the cut, misses and the keeper fumbles",33.2,0,0.0,"Cooper to Nafees, no run  .some turn and bounce, shapes up to play the cut, misses and the keeper fumbles",Cooper,Nafees,0.0,0,0,1,1,0.0,0,,0
"33.3 
• 
Cooper to Nafees, no run 
closes the face too early this time and gets a leading edge that falls short of the bowler",33.3,0,0.0,"Cooper to Nafees, no run  .closes the face too early this time and gets a leading edge that falls short of the bowler",Cooper,Nafees,0.0,0,0,1,1,0.0,0,,0
"33.4 
4 
Cooper to Nafees, FOUR runs 
only a matter of time, tossed up and he charges down the track to hammer it over the 
bowler's head to bring up a one-bounce four, it also brings up 2000 runs for him in ODIs",33.4,4,4.0,"Cooper to Nafees, FOUR runs  .only a matter of time, tossed up and he charges down the track to hammer it over the  .bowler's head to bring up a one-bounce four, it also brings up 2000 runs for him in ODIs",Cooper,Nafees,4.0,1,0,1,1,4.0,0,,1
"33.5 
• 
Cooper to Nafees, no run 
chipped back towards the bowler, just wide of his outstretched arms as it goes to mid-
off",33.5,0,0.0,"Cooper to Nafees, no run  .chipped back towards the bowler, just wide of his outstretched arms as it goes to mid- .off",Cooper,Nafees,0.0,0,0,1,1,0.0,0,,0
"33.6 
• 
Cooper to Nafees, no run 
nudged towards point but no single on offer 
end of over 344 runs  
BAN: 137/2CRR: 4.02 • RRR: 1.50 
Shahriar Nafees25 (51b 2x4) 
Imrul Kayes68 (97b 6x4) 
Tom Cooper 4-1-15-0 
Ryan ten Doeschate 6-1-30-0 
Adeel Raja back to now",33.6,0,0.0,"Cooper to Nafees, no run  .nudged towards point but no single on offer",Cooper,Nafees,0.0,0,0,1,1,0.0,0,,0
"34.1 
1 
Adeel Raja to Imrul, 1 run 
tossed up on leg stump, turned past square leg for a single",34.1,1,1.0,"Adeel Raja to Imrul, 1 run  .tossed up on leg stump, turned past square leg for a single",Adeel Raja,Imrul,1.0,0,0,1,1,1.0,0,,1
"34.2 
• 
Adeel Raja to Nafees, no run 
quicker through the air and flat, gets forward and defends it back to the bowler",34.2,0,0.0,"Adeel Raja to Nafees, no run  .quicker through the air and flat, gets forward and defends it back to the bowler",Adeel Raja,Nafees,0.0,0,0,1,1,0.0,0,,0
"34.3 
4 
Adeel Raja to Nafees, FOUR runs 
sliding it outside leg stump and Shahriar takes full toll, sweeping it powerfully past short 
fine leg for a boundary, the 50 partnership is up",34.3,4,4.0,"Adeel Raja to Nafees, FOUR runs  .sliding it outside leg stump and Shahriar takes full toll, sweeping it powerfully past short  .fine leg for a boundary, the 50 partnership is up",Adeel Raja,Nafees,4.0,1,0,1,1,4.0,0,,1
"34.4 
• 
Adeel Raja to Nafees, no run 
punched off the back foot towards point",34.4,0,0.0,"Adeel Raja to Nafees, no run  .punched off the back foot towards point",Adeel Raja,Nafees,0.0,0,0,1,1,0.0,0,,0
"34.5 
• 
Adeel Raja to Nafees, no run 
floated on the off, pushed towards extra cover off the front foot",34.5,0,0.0,"Adeel Raja to Nafees, no run  .floated on the off, pushed towards extra cover off the front foot",Adeel Raja,Nafees,0.0,0,0,1,1,0.0,0,,0
"34.6 
2 
Adeel Raja to Nafees, 2 runs 
finds the gap through the infield this time, short, turns away, gets back and thumps it 
past extra cover for a couple 
end of over 357 runs  
BAN: 144/2CRR: 4.11 • RRR: 1.13 
Shahriar Nafees31 (56b 3x4) 
Imrul Kayes69 (98b 6x4) 
Adeel Raja 6-0-29-0 
Tom Cooper 4-1-15-0",34.6,2,2.0,"Adeel Raja to Nafees, 2 runs  .finds the gap through the infield this time, short, turns away, gets back and thumps it  .past extra cover for a couple",Adeel Raja,Nafees,2.0,0,0,1,1,2.0,0,,1
"35.1 
1 
Cooper to Imrul, 1 run 
short and wide, fails to dismiss it through the gap in the off side, finds cover but sneaks 
a single",35.1,1,1.0,"Cooper to Imrul, 1 run  .short and wide, fails to dismiss it through the gap in the off side, finds cover but sneaks  .a single",Cooper,Imrul,1.0,0,0,1,1,1.0,0,,1
"35.2 
• 
Cooper to Nafees, no run 
flighted on the off, pushed off the front foot to cover",35.2,0,0.0,"Cooper to Nafees, no run  .flighted on the off, pushed off the front foot to cover",Cooper,Nafees,0.0,0,0,1,1,0.0,0,,0
"35.3 
2 
Cooper to Nafees, 2 runs 
is a low full toss, goes for the slog-sweep, mistimes it but still gets three as it he plays it 
past midwicket into a yawning gap",35.3,2,2.0,"Cooper to Nafees, 2 runs  .is a low full toss, goes for the slog-sweep, mistimes it but still gets three as it he plays it  .past midwicket into a yawning gap",Cooper,Nafees,2.0,0,0,1,1,2.0,0,,1
"35.4 
4 
Cooper to Nafees, FOUR runs 
lovely placement, it's on the pads and he swivels and just helps it on its way past short 
fine leg",35.4,4,4.0,"Cooper to Nafees, FOUR runs  .lovely placement, it's on the pads and he swivels and just helps it on its way past short  .fine leg",Cooper,Nafees,4.0,1,0,1,1,4.0,0,,1
"35.5 
W 
Cooper to Nafees, OUT 
bowled round his legs, it's tossed up on leg stump, tries to sweep it fine again but 
misses, it turns in to take out leg stump 
Shahriar Nafees b Cooper 37 (60b 4x4 0x6 56m) SR: 61.66 
Shahriar heads back after what seemed like a laborious effort. Took a while to get 
things going but given the circumstances, he could afford to. Just a matter of time 
before it's over 
Shakib comes in",35.5,W,0.0,"Cooper to Nafees, OUT  .bowled round his legs, it's tossed up on leg stump, tries to sweep it fine again but  .misses, it turns in to take out leg stump  .Shahriar Nafees b Cooper 37 (60b 4x4 0x6 56m) SR: 61.66",Cooper,Nafees,0.0,0,0,1,1,0.0,1,b Cooper,0
"35.6 
• 
Cooper to Shakib, no run 
he goes after a wide one immediately but it keeps a little low, misses 
end of over 367 runs • 1 wicket 
BAN: 151/3CRR: 4.19 • RRR: 0.71 
Shakib Al Hasan0 (1b) 
Imrul Kayes70 (99b 6x4) 
Tom Cooper 5-1-22-1 
Adeel Raja 6-0-29-0 
Seelaar to bowl now",35.6,0,0.0,"Cooper to Shakib, no run  .he goes after a wide one immediately but it keeps a little low, misses",Cooper,Shakib,0.0,0,0,1,1,0.0,0,,0
"36.1 
• 
Seelaar to Imrul, no run 
slightly short on the off, gets on the back foot and drops it into the off side",36.1,0,0.0,"Seelaar to Imrul, no run  .slightly short on the off, gets on the back foot and drops it into the off side",Seelaar,Imrul,0.0,0,0,1,1,0.0,0,,0
"36.2 
• 
Seelaar to Imrul, no run 
closes the face and dabs it towards mid-on",36.2,0,0.0,"Seelaar to Imrul, no run  .closes the face and dabs it towards mid-on",Seelaar,Imrul,0.0,0,0,1,1,0.0,0,,0
"36.3 
• 
Seelaar to Imrul, no run 
played back to the bowler",36.3,0,0.0,"Seelaar to Imrul, no run  .played back to the bowler",Seelaar,Imrul,0.0,0,0,1,1,0.0,0,,0
"36.4 
1 
Seelaar to Imrul, 1 run 
short on middle, waits for it to turn in and pulls it behind square for a single",36.4,1,1.0,"Seelaar to Imrul, 1 run  .short on middle, waits for it to turn in and pulls it behind square for a single",Seelaar,Imrul,1.0,0,0,1,1,1.0,0,,1
"36.5 
• 
Seelaar to Shakib, no run 
turning in from a good length, gets across and is trapped on the pads but it would have 
gone down leg",36.5,0,0.0,"Seelaar to Shakib, no run  .turning in from a good length, gets across and is trapped on the pads but it would have  .gone down leg",Seelaar,Shakib,0.0,0,0,1,1,0.0,0,,0
"36.6 
1 
Seelaar to Shakib, 1 run 
gets on the back foot and jabs it towards deep square leg for a single 
end of over 372 runs  
BAN: 153/3CRR: 4.13 • RRR: 0.61 
Shakib Al Hasan1 (3b) 
Imrul Kayes71 (103b 6x4) 
Pieter Seelaar 9-0-25-0 
Tom Cooper 5-1-22-1",36.6,1,1.0,"Seelaar to Shakib, 1 run  .gets on the back foot and jabs it towards deep square leg for a single",Seelaar,Shakib,1.0,0,0,1,1,1.0,0,,1
"37.1 
• 
Cooper to Shakib, no run 
short outside off, chopped towards point",37.1,0,0.0,"Cooper to Shakib, no run  .short outside off, chopped towards point",Cooper,Shakib,0.0,0,0,1,1,0.0,0,,0
"37.2 
• 
Cooper to Shakib, no run 
full toss on middle and leg, just punched to mid-on",37.2,0,0.0,"Cooper to Shakib, no run  .full toss on middle and leg, just punched to mid-on",Cooper,Shakib,0.0,0,0,1,1,0.0,0,,0
"37.3 
• 
Cooper to Shakib, no run 
full toss again but a quicker one, played back to the bowler",37.3,0,0.0,"Cooper to Shakib, no run  .full toss again but a quicker one, played back to the bowler",Cooper,Shakib,0.0,0,0,1,1,0.0,0,,0
"37.4 
W 
Cooper to Shakib, OUT 
Shakib has to go because ten Doeschate has taken an excellent catch at cover, was 
tossed up, he tried to loft that inside out over extra cover, didn't time it well at all, ten 
Doeschate ran back not taking his eyes off for a moment, dived full stretch and clasped 
it 
Shakib Al Hasan c ten Doeschate b Cooper 1 (7b 0x4 0x6 5m) SR: 14.28 
A sign of frustration for Shakib there, was trying to finish it off quickly but wasn't being 
allowed to. Mushfiqur comes in",37.4,W,0.0,"Cooper to Shakib, OUT  .Shakib has to go because ten Doeschate has taken an excellent catch at cover, was  .tossed up, he tried to loft that inside out over extra cover, didn't time it well at all, ten  .Doeschate ran back not taking his eyes off for a moment, dived full stretch and clasped  .it  .Shakib Al Hasan c ten Doeschate b Cooper 1 (7b 0x4 0x6 5m) SR: 14.28",Cooper,Shakib,0.0,0,0,1,1,0.0,1,c ten Doeschate b Cooper,0
"37.5 
• 
Cooper to Imrul, no run 
pitched up on the off, pushed towards extra cover",37.5,0,0.0,"Cooper to Imrul, no run  .pitched up on the off, pushed towards extra cover",Cooper,Imrul,0.0,0,0,1,1,0.0,0,,0
"37.6 
• 
Cooper to Imrul, no run 
bowled flat on the off stump, driven firmly but again cannot beat extra cover 
end of over 38Wicket maiden 
BAN: 153/4CRR: 4.02 • RRR: 0.66 
Imrul Kayes71 (105b 6x4) 
Mushfiqur Rahim0 (0b) 
Tom Cooper 6-2-22-2 
Pieter Seelaar 9-0-25-0",37.6,0,0.0,"Cooper to Imrul, no run  .bowled flat on the off stump, driven firmly but again cannot beat extra cover",Cooper,Imrul,0.0,0,0,1,1,0.0,0,,0
"38.1 
• 
Seelaar to Mushfiqur, no run 
flighted on the off, pushed through straight to mid-off",38.1,0,0.0,"Seelaar to Mushfiqur, no run  .flighted on the off, pushed through straight to mid-off",Seelaar,Mushfiqur,0.0,0,0,1,1,0.0,0,,0
"38.2 
• 
Seelaar to Mushfiqur, no run 
slightly short on middle, punched off the back foot to mid-on",38.2,0,0.0,"Seelaar to Mushfiqur, no run  .slightly short on middle, punched off the back foot to mid-on",Seelaar,Mushfiqur,0.0,0,0,1,1,0.0,0,,0
"38.3 
• 
Seelaar to Mushfiqur, no run 
short on the off, punched off the back foot to cover",38.3,0,0.0,"Seelaar to Mushfiqur, no run  .short on the off, punched off the back foot to cover",Seelaar,Mushfiqur,0.0,0,0,1,1,0.0,0,,0
"38.4 
• 
Seelaar to Mushfiqur, no run 
slightly short outside off, holds its line, lets it through",38.4,0,0.0,"Seelaar to Mushfiqur, no run  .slightly short outside off, holds its line, lets it through",Seelaar,Mushfiqur,0.0,0,0,1,1,0.0,0,,0
"38.5 
• 
Seelaar to Mushfiqur, no run 
flighted on the off, digs it towards point",38.5,0,0.0,"Seelaar to Mushfiqur, no run  .flighted on the off, digs it towards point",Seelaar,Mushfiqur,0.0,0,0,1,1,0.0,0,,0
"38.6 
• 
Seelaar to Mushfiqur, no run 
quicker through the air, gets on the back foot and defends it to cover, another maiden 
end of over 39Maiden 
BAN: 153/4CRR: 3.92 • RRR: 0.72 
Mushfiqur Rahim0 (6b) 
Imrul Kayes71 (105b 6x4) 
Pieter Seelaar 10-1-25-0 
Tom Cooper 6-2-22-2",38.6,0,0.0,"Seelaar to Mushfiqur, no run  .quicker through the air, gets on the back foot and defends it to cover, another maiden",Seelaar,Mushfiqur,0.0,0,0,1,1,0.0,0,,0
"39.1 
• 
Cooper to Imrul, no run 
angling in towards middle and off, defended towards cover",39.1,0,0.0,"Cooper to Imrul, no run  .angling in towards middle and off, defended towards cover",Cooper,Imrul,0.0,0,0,1,1,0.0,0,,0
"39.2 
• 
Cooper to Imrul, no run 
not managing to dispatch the full toss, was on middle, reverse-swept it to point",39.2,0,0.0,"Cooper to Imrul, no run  .not managing to dispatch the full toss, was on middle, reverse-swept it to point",Cooper,Imrul,0.0,0,0,1,1,0.0,0,,0
"39.3 
• 
Cooper to Imrul, no run 
short and wide, dot ball again, cut straight to point",39.3,0,0.0,"Cooper to Imrul, no run  .short and wide, dot ball again, cut straight to point",Cooper,Imrul,0.0,0,0,1,1,0.0,0,,0
"39.4 
• 
Cooper to Imrul, no run 
full on middle, pushed straight to extra cover",39.4,0,0.0,"Cooper to Imrul, no run  .full on middle, pushed straight to extra cover",Cooper,Imrul,0.0,0,0,1,1,0.0,0,,0
"39.5 
• 
Cooper to Imrul, no run 
fails to dispatch another full toss, on middle, pushes it to extra cover",39.5,0,0.0,"Cooper to Imrul, no run  .fails to dispatch another full toss, on middle, pushes it to extra cover",Cooper,Imrul,0.0,0,0,1,1,0.0,0,,0
"39.6 
1 
Cooper to Imrul, 1 run 
almost did a Shakib there, tried to go inside out and attempt the same shot, except that 
this fell safe behind cover, Bangladesh are not helping themselves with this 
The leg-side field is largely vacant, those full tosses were instead wasted by being 
played into the off side 
end of over 401 run  
BAN: 154/4CRR: 3.85 • RRR: 0.70 
Imrul Kayes72 (111b 6x4) 
Mushfiqur Rahim0 (6b) 
Tom Cooper 7-2-23-2 
Pieter Seelaar 10-1-25-0",39.6,1,1.0,"Cooper to Imrul, 1 run  .almost did a Shakib there, tried to go inside out and attempt the same shot, except that  .this fell safe behind cover, Bangladesh are not helping themselves with this  .The leg-side field is largely vacant, those full tosses were instead wasted by being  .played into the off side",Cooper,Imrul,1.0,0,0,1,1,1.0,0,,1
"40.1 
• 
Adeel Raja to Imrul, no run 
slightly short on leg stump, gets back and nudges it to short fine leg",40.1,0,0.0,"Adeel Raja to Imrul, no run  .slightly short on leg stump, gets back and nudges it to short fine leg",Adeel Raja,Imrul,0.0,0,0,1,1,0.0,0,,0
"40.2 
1 
Adeel Raja to Imrul, 1 run 
flighted on leg stump, pushed wide of midwicket for a single",40.2,1,1.0,"Adeel Raja to Imrul, 1 run  .flighted on leg stump, pushed wide of midwicket for a single",Adeel Raja,Imrul,1.0,0,0,1,1,1.0,0,,1
"40.3 
• 
Adeel Raja to Mushfiqur, no run 
slightly short outside off, turning in, chops it towards point",40.3,0,0.0,"Adeel Raja to Mushfiqur, no run  .slightly short outside off, turning in, chops it towards point",Adeel Raja,Mushfiqur,0.0,0,0,1,1,0.0,0,,0
"40.4 
• 
Adeel Raja to Mushfiqur, no run 
gently chips it into the leg side off the front foot",40.4,0,0.0,"Adeel Raja to Mushfiqur, no run  .gently chips it into the leg side off the front foot",Adeel Raja,Mushfiqur,0.0,0,0,1,1,0.0,0,,0
"40.5 
• 
Adeel Raja to Mushfiqur, no run 
flighted on the off, comes down the track but mistimes a drive to mid-off",40.5,0,0.0,"Adeel Raja to Mushfiqur, no run  .flighted on the off, comes down the track but mistimes a drive to mid-off",Adeel Raja,Mushfiqur,0.0,0,0,1,1,0.0,0,,0
"40.6 
1 
Adeel Raja to Mushfiqur, 1 run 
short on middle, rocks back and pulls it to deep midwicket for a single to get off the 
mark 
AdChoices 
ADVERTISEMENT 
end of over 412 runs  
BAN: 156/4CRR: 3.80 • RRR: 0.55 
Mushfiqur Rahim1 (10b) 
Imrul Kayes73 (113b 6x4) 
Adeel Raja 7-0-31-0 
Tom Cooper 7-2-23-2",40.6,1,1.0,"Adeel Raja to Mushfiqur, 1 run  .short on middle, rocks back and pulls it to deep midwicket for a single to get off the  .mark  .AdChoices  .ADVERTISEMENT",Adeel Raja,Mushfiqur,1.0,0,0,1,1,1.0,0,,1
"41.1 
4 
Cooper to Mushfiqur, FOUR runs 
finds the gap, some attacking intent from Mushfiqur, was tossed up, comes down the 
track and caresses it past a diving extra cover for a boundary, scores level now",41.1,4,4.0,"Cooper to Mushfiqur, FOUR runs  .finds the gap, some attacking intent from Mushfiqur, was tossed up, comes down the  .track and caresses it past a diving extra cover for a boundary, scores level now",Cooper,Mushfiqur,4.0,1,0,1,1,4.0,0,,1
"41.2 
6 
Cooper to Mushfiqur, SIX runs 
finishes it off with a six, short on middle and he rocks back to pull it into the crowd 
behind midwicket 
That's all we have for this game. Thanks for tuning in and sending us your feedback. 
Sriram Veera's done with his bulletin, so do check it out. Until the next time, it's goodbye 
from all of us. Oh, but there's another match happening in Pallekele. Zimbabwe are 
struggling against Pakistan. Bye folks. 
Imrul: ""The wicket was not easy to bat on. I had to stay on the wicket after Tamim got 
out early. My role is to occupy the crease."" 
Imrul Kayes is the Man of the Match 
Shakib: ""It was anervous game because we had to win to stay in the contest. The boys 
played well and kept up the pressure on Netherlands. The fast bowlers supported the 
spinners well. Abdur Razzak is a key bowler for us, and he always kept us in the game. 
We'll watch the West Indies-England game very closely, but we want to do well against 
South Africa."" 
Borren: ""We said we were going to play brave cricket, but we played bad cricket. We let 
ourselves down on a tough pitch. Not an easy wicket to rotate the strike but that's 
something we've worked hard on. The running between the wickets was disappointing. 
We have another game to go. Today was an opportunity but we didn't play to our 
standards. Ireland is a team we've played a lot of cricket against but we have to be on 
top of our game to beat them."" 
Presentation time 
Shahriar: ""It's a good feeling to win. This game was very important for us, and it gives us 
a huge opportunity to reach the quarter-finals. Imrul has been in very good form, and 
he's carried his good form from last year into this one. The pitch was on the slower side. 
I am playing an international after a long time. We are looking to beat South Africa and 
qualify for the quarters. The West Indies-England game is not in our hands."" 
A comfortable win for Bangladesh, and they're now on six points. The race for the 
quarter-finals has intensified in Group B. England face West Indies on the 17th, while 
Bangladesh face a tough test against South Africa in their next match. Ireland take on 
South Africa tomorrow, and there's India waiting to take on West Indies. If West Indies 
beat England in Chennai, Bangladesh are through to the next stage. 
Sponsored Headlines 
 
NZ vs PAK Cricket Scorecard, 3rd T20I at Auckland, March 21, 2025Discover 
 
Nz vs pak, 3rd t20i - hasan Nawaz ने पािकस्तान के िलए सबसे तेज़ t20i शतक लगाकर babar azam 
को पछाड़ा | ESPNcricinfoDiscover 
 
Desert Financial Credit Union| 
Sponsored by TaboolaSponsored by Taboola 
Join Now 
Enjoy that “VIP” feeling.Read MoreSkip 
 
NZ v AUS [W] 2024/25, NZ-W vs AUS-W 1st T20I Match Report, March 21, 2025 - 
Mooney, Voll, bowlers dismantle New Zealand despite Gardner's injuryDiscover 
 
IPL 2025 - CSK's R Ashwin to get a street named after him in Chennai | 
ESPNcricinfoDiscover 
 
Enjoy that “early payday” feeling.Get paid up to two days sooner with early direct 
deposit! Cha-ching! | Insured by NCUA.Desert Financial Credit Union| 
SponsoredSponsored 
Learn More 
Undo 
 
Experience Spring in Oregon with Waterfalls and WildflowersSpring trails, rushing rivers, 
and blooming valleys—see it all with a guide.Travel Oregon| 
SponsoredSponsored 
Undo 
 
Flight Attendant Reveals How To Fly Business Class For The Price of 
EconomyAmericans, you'll want to check this out ASAPOnline Shopping Tools| 
SponsoredSponsored 
Undo 
 
Actress Spills Hollywood Trick For Slim Body: ""We All Do It""Leaked Now| 
SponsoredSponsored 
Undo 
 
Amazon's Worst Nightmare: Thousands Canceling Prime for This Clever HackPrime 
Members can save hundreds with this tool Amazon doesn't want you to discover.Online 
Shopping Tools| 
SponsoredSponsored 
Learn More 
Undo 
 
Medicare Won’t Cover Walk-In Tubs (Do This Instead)Seniors With Old And Not 
Practical Bath Tubs Are Getting A Treat This MonthSmart Lifestyle Trends| 
SponsoredSponsored 
Learn More 
Undo 
 
7 Ways to Retire Comfortably With $1MHow long will your portfolio last in retirement? 
For those with a $1 million portfolio, get this guide to learn more.Fisher Investments| 
SponsoredSponsored 
Learn More 
Undo 
 
Tempe: Say Bye To Your High Power Bills If You Live In These Zip CodesIf you pay more 
than $99/month for power and own a home, you better read this.Energy Bill Cruncher| 
SponsoredSponsored 
Learn More 
Undo 
 
Temu Clearance SaleTemu Clearance Sale, where unbeatable discounts meet your 
shopping needsTEMU| 
SponsoredSponsored 
Shop Now 
Undo 
 
The Easiest Way to Get Your Passport in 2025.Trusted by millions for fast, no-hassle 
passport renewals & application.GovPlus| 
SponsoredSponsored 
Learn More 
Undo 
 
7 Wealth Tips Once Your Portfolio Reaches $1MHow do retirees with $1 million 
portfolios take steps to preserve their wealth in retirement? Download The Seven 
Secrets of High Net Worth Investors to find out now.Fisher Investments| 
SponsoredSponsored 
Learn More 
Undo 
 
Top 10 Blood Pressure Monitors of 2024 Tested by DocReviewsWe tested the most 
popular blood pressure monitors of 2024. Read on to discover the most accurate 
devices and make an informed decision before your purchase.DocReviews| 
SponsoredSponsored 
Learn More 
Undo 
Match Coverage 
All Match News 
 
Shakib hails Shafiul as key  
Shafiul Islam and Imrul Kayes have been the the two standout performers in 
Bangladesh's last two matches, and their captain recognises their importance 
 
 
 
Borren rues dot balls and run-outs 
Netherlands let themselves down with four run-outs and batsmen not converting starts 
into big scores. The regular fall of wickets meant Netherlands could never really use the 
batting Powerplay 
 
 
 
Bangladesh v Netherlands, World Cup 2011, Chittagong 
 
 
Bangladesh v Netherlands, World Cup 2011, Chittagong 
 
 
 
Shafiul Islam stars in Bangladesh win 
 
 
 
Instant answers to T20 questions 
What is the highest total chased in men's T20 World Cups? 
Most sixes in an innings by a batter in men's T20 World Cups? 
Who has taken the most Powerplay wickets in men's T20 World Cups? 
Ask a question 
Videos 
All Match Videos 
 
1:29 
Peter Borren: We didn't cope with a slow pitch 
 
 
1:19 
Shakib Al Hasan: Run rate not a problem 
 
 
4:27 
A bowlers' Monday 
 
Bangladesh Innings 
Player Name 
R 
B 
Tamim 
Iqbal 
bowled 
0 
4 
Imrul 
Kayes 
not out 
73 113 
Junaid 
Siddique caught 
35 53 
Shahriar 
Nafees 
bowled 
37 60 
Shakib Al 
Hasan 
caught 
1 
7 
Mushfiqur 
Rahim 
not out 
11 12 
Extras 
(b 2, lb 3, nb 1, w 3) 
Total 
166(4 wkts;",41.2,6,6.0,"Cooper to Mushfiqur, SIX runs  .finishes it off with a six, short on middle and he rocks back to pull it into the crowd  .behind midwicket  .That's all we have for this game. Thanks for tuning in and sending us your feedback.  .Sriram Veera's done with his bulletin, so do check it out. Until the next time, it's goodbye  .from all of us. Oh, but there's another match happening in Pallekele. Zimbabwe are  .struggling against Pakistan. Bye folks.",Cooper,Mushfiqur,6.0,0,1,1,1,6.0,0,,1
